WKT,id,Name
"MULTIPOLYGON (((221.318181818182 -164.522727272727,365.454545454545 -170.25,365.454545454545 -216.068181818182,220.363636363636 -205.568181818182,221.318181818182 -164.522727272727)))",,1J01
"MULTIPOLYGON (((226.090909090909 -250.431818181818,353.045454545454 -258.068181818182,355.909090909091 -424.159090909091,226.090909090909 -421.295454545455,223.227272727273 -411.75,219.409090909091 -382.159090909091,226.090909090909 -382.159090909091,226.090909090909 -250.431818181818)))",,1J01
"MULTIPOLYGON (((399.818181818182 -220.840909090909,428.454545454545 -221.795454545455,433.227272727273 -257.113636363636,462.818181818182 -258.068181818182,459.954545454545 -417.477272727273,400.772727272727 -417.477272727273,399.818181818182 -220.840909090909)))",,1J01
"MULTIPOLYGON (((511.5 -259.977272727273,590.727272727273 -260.931818181818,586.909090909091 -439.431818181818,552.545454545454 -438.477272727273,550.636363636364 -427.977272727273,509.590909090909 -420.340909090909,511.5 -259.977272727273)))",,1J01
