WKT,id,Name
"MULTIPOLYGON (((229.909090909091 -210.340909090909,182.181818181818 -398.386363636364,276.681818181818 -417.477272727273,266.181818181818 -470.931818181818,530.590909090909 -533.931818181818,534.409090909091 -525.340909090909,538.227272727273 -520.568181818182,550.636363636364 -512.931818181818,554.454545454545 -508.159090909091,595.5 -359.25,547.772727272727 -359.25,538.227272727273 -400.295454545455,492.409090909091 -389.795454545455,508.636363636364 -349.704545454545,335.863636363636 -304.840909090909,331.090909090909 -292.431818181818,313.909090909091 -291.477272727273,307.227272727273 -291.477272727273,321.545454545454 -243.75,229.909090909091 -210.340909090909)))",,6J01
