WKT,id,Name
"MULTIPOLYGON (((341.590909090909 -63.3409090909091,274.772727272727 -188.386363636364,325.363636363636 -214.159090909091,186.0 -491.931818181818,354.0 -572.113636363636,404.590909090909 -598.840909090909,423.681818181818 -567.340909090909,450.409090909091 -575.931818181818,453.272727272727 -572.113636363636,454.227272727273 -572.113636363636,476.181818181818 -554.931818181818,483.818181818182 -542.522727272727,486.681818181818 -533.931818181818,493.363636363636 -515.795454545455,501.954545454545 -507.204545454545,510.545454545454 -492.886363636364,521.045454545454 -476.659090909091,524.863636363636 -463.295454545455,531.545454545454 -443.25,538.227272727273 -435.613636363636,546.818181818182 -425.113636363636,551.590909090909 -411.75,553.5 -402.204545454545,564.0 -378.340909090909,565.909090909091 -378.340909090909,574.5 -374.522727272727,587.863636363636 -365.931818181818,597.409090909091 -359.25,603.136363636364 -349.704545454545,604.090909090909 -344.931818181818,604.090909090909 -343.022727272727,698.590909090909 -386.931818181818,724.363636363636 -339.204545454545,671.863636363636 -322.022727272727,719.590909090909 -219.886363636364,656.590909090909 -196.977272727273,689.045454545454 -131.113636363636,601.227272727273 -90.0681818181818,577.363636363636 -94.8409090909091,547.772727272727 -159.75,438.954545454545 -106.295454545455,341.590909090909 -63.3409090909091),(448.5 -132.068181818182,426.545454545454 -175.022727272727,428.454545454545 -177.886363636364,431.318181818182 -178.840909090909,432.272727272727 -187.431818181818,436.090909090909 -189.340909090909,444.681818181818 -192.204545454545,450.409090909091 -196.022727272727,461.863636363636 -185.522727272727,469.5 -166.431818181818,478.090909090909 -154.977272727273,482.863636363636 -140.659090909091,448.5 -132.068181818182),(317.727272727273 -250.431818181818,316.772727272727 -259.022727272727,313.909090909091 -265.704545454545,313.909090909091 -267.613636363636,328.227272727273 -275.25,334.909090909091 -279.068181818182,335.863636363636 -275.25,334.909090909091 -273.340909090909,333.954545454545 -266.659090909091,337.772727272727 -263.795454545455,340.636363636364 -259.977272727273,317.727272727273 -250.431818181818),(445.636363636364 -271.431818181818,426.545454545454 -306.75,433.227272727273 -317.25,447.545454545454 -280.022727272727,571.636363636364 -339.204545454545,571.636363636364 -328.704545454545,445.636363636364 -271.431818181818)))",,6J02
