WKT,id,Name
"MULTIPOLYGON (((131.590909090909 -400.295454545455,170.727272727273 -478.568181818182,182.181818181818 -475.704545454545,190.772727272727 -501.477272727273,328.227272727273 -442.295454545455,345.409090909091 -479.522727272727,613.636363636364 -366.886363636364,619.363636363636 -364.022727272727,622.227272727273 -358.295454545455,623.181818181818 -356.386363636364,623.181818181818 -351.613636363636,624.136363636364 -343.977272727273,617.454545454545 -328.704545454545,610.772727272727 -314.386363636364,606.0 -306.75,558.272727272727 -332.522727272727,511.5 -239.931818181818,355.909090909091 -299.113636363636,349.227272727273 -297.204545454545,344.454545454545 -295.295454545455,319.636363636364 -302.931818181818,319.636363636364 -302.931818181818,295.772727272727 -320.113636363636,294.818181818182 -320.113636363636,291.954545454545 -330.613636363636,291.954545454545 -330.613636363636,270.954545454545 -345.886363636364,265.227272727273 -339.204545454545,262.363636363636 -338.25,256.636363636364 -338.25,248.045454545454 -340.159090909091,242.318181818182 -342.068181818182,153.545454545454 -380.25,144.954545454545 -385.977272727273,144.954545454545 -385.977272727273,131.590909090909 -396.477272727273,140.181818181818 -404.113636363636,131.590909090909 -400.295454545455)))",,7J01
