WKT,id,Name
"MULTIPOLYGON (((361.636363636364 -316.295454545455,327.272727272727 -432.75,404.113636363636 -456.613636363636,421.772727272727 -397.431818181818,408.409090909091 -394.090909090909,426.545454545455 -333.477272727273,361.636363636364 -316.295454545455)))",,G2675
