WKT,id,Name
"MULTIPOLYGON (((169.772727272727 -196.977272727273,132.545454545454 -367.840909090909,134.454545454545 -365.931818181818,136.363636363636 -365.931818181818,141.136363636364 -367.840909090909,144.0 -367.840909090909,149.727272727273 -370.704545454545,155.454545454545 -374.522727272727,158.318181818182 -377.386363636364,159.272727272727 -378.340909090909,161.181818181818 -381.204545454545,185.045454545454 -388.840909090909,209.863636363636 -282.886363636364,260.454545454545 -294.340909090909,231.818181818182 -414.613636363636,268.090909090909 -425.113636363636,268.090909090909 -409.840909090909,268.090909090909 -406.977272727273,268.090909090909 -406.977272727273,268.090909090909 -406.977272727273,276.681818181818 -405.068181818182,278.590909090909 -405.068181818182,284.318181818182 -406.977272727273,285.272727272727 -407.931818181818,287.181818181818 -406.022727272727,287.181818181818 -398.386363636364,287.181818181818 -395.522727272727,288.136363636364 -385.977272727273,288.136363636364 -384.068181818182,288.136363636364 -376.431818181818,291.0 -376.431818181818,300.545454545454 -378.340909090909,303.409090909091 -381.204545454545,312.0 -387.886363636364,312.0 -389.795454545455,312.0 -389.795454545455,325.363636363636 -394.568181818182,331.090909090909 -395.522727272727,336.818181818182 -400.295454545455,340.636363636364 -404.113636363636,341.590909090909 -407.931818181818,341.590909090909 -407.931818181818,337.772727272727 -425.113636363636,340.636363636364 -443.25,345.409090909091 -443.25,349.227272727273 -427.977272727273,351.136363636364 -416.522727272727,362.590909090909 -415.568181818182,504.818181818182 -448.022727272727,509.590909090909 -422.25,558.272727272727 -433.704545454545,560.181818181818 -458.522727272727,580.227272727273 -461.386363636364,585.954545454545 -438.477272727273,603.136363636364 -441.340909090909,615.545454545454 -387.886363636364,527.727272727273 -365.931818181818,525.818181818182 -386.931818181818,394.090909090909 -360.204545454545,399.818181818182 -330.613636363636,339.681818181818 -318.204545454545,351.136363636364 -280.022727272727,253.772727272727 -257.113636363636,265.227272727273 -221.795454545455,169.772727272727 -196.977272727273)))",,G2772
