WKT,id,Name
"MULTIPOLYGON (((330.235927152318 -237.230960264901,256.353476821192 -454.532284768212,331.974337748344 -487.127483443709,328.932119205298 -499.730960264901,408.899006622516 -529.718543046358,449.751655629139 -418.460264900662,388.907284768212 -397.164735099338,400.641556291391 -365.438741721854,446.274834437086 -380.649834437086,452.793874172185 -380.21523178808,456.270695364238 -379.780629139073,459.312913907285 -378.476821192053,461.485927152318 -378.042218543046,464.528145695364 -375.434602649007,467.57036423841 -371.523178807947,470.17798013245 -367.177152317881,471.047185430463 -363.700331125828,472.78559602649 -358.050496688742,501.903973509934 -268.956953642384,453.663079470199 -253.311258278146,441.92880794702 -281.560430463576,330.235927152318 -237.230960264901)))",,G799
