WKT,id,Name
"MULTIPOLYGON (((413.063909774436 -262.922932330827,392.763157894737 -273.073308270677,404.182330827068 -297.603383458647,427.443609022556 -343.28007518797,414.755639097744 -351.738721804511,391.917293233083 -302.678571428571,321.71052631579 -353.853383458647,325.93984962406 -370.347744360902,312.828947368421 -386.842105263158,299.718045112782 -398.261278195489,295.911654135338 -407.988721804511,300.140977443609 -423.637218045113,265.46052631579 -439.708646616541,279.417293233083 -468.468045112782,353.43045112782 -435.056390977444,355.122180451128 -418.562030075188,365.695488721805 -413.486842105263,373.308270676692 -418.984962406015,420.676691729323 -391.071428571429,411.795112781955 -369.924812030075,419.407894736842 -358.928571428571,454.511278195489 -339.896616541353,413.063909774436 -262.922932330827)))",,H030
