WKT,id,Name
"MULTIPOLYGON (((259.539473684211 -354.276315789474,265.460526315789 -420.253759398496,372.885338345865 -414.332706766917,378.806390977444 -475.234962406015,482.001879699248 -469.313909774436,492.152255639098 -460.009398496241,526.832706766917 -457.471804511278,525.986842105263 -445.62969924812,551.362781954887 -442.246240601504,548.825187969925 -390.648496240602,503.994360902256 -394.877819548872,494.68984962406 -334.821428571429,259.539473684211 -354.276315789474)))",,H078
