WKT,id,Name
"MULTIPOLYGON (((367.363636363636 -259.977272727273,363.545454545454 -269.522727272727,373.090909090909 -275.25,363.545454545454 -298.159090909091,333.954545454545 -288.613636363636,328.227272727273 -301.977272727273,350.181818181818 -316.295454545455,340.636363636364 -343.977272727273,320.590909090909 -336.340909090909,313.909090909091 -331.568181818182,312.0 -344.931818181818,334.909090909091 -359.25,330.136363636364 -384.068181818182,437.045454545454 -422.25,482.863636363636 -287.659090909091,478.090909090909 -283.840909090909,477.136363636364 -278.113636363636,476.181818181818 -272.386363636364,475.227272727273 -263.795454545455,476.181818181818 -259.022727272727,477.136363636364 -256.159090909091,450.409090909091 -251.386363636364,439.909090909091 -276.204545454545,372.136363636364 -256.159090909091,367.363636363636 -259.977272727273)))",,H108
