WKT,id,Name
"MULTIPOLYGON (((370.227272727273 -298.159090909091,282.409090909091 -371.659090909091,364.5 -448.977272727273,398.863636363636 -412.704545454545,420.818181818182 -427.022727272727,453.272727272727 -390.75,370.227272727273 -298.159090909091)))",,H151
