WKT,id,Name
"MULTIPOLYGON (((312.083333333333 -312.916666666667,257.083333333333 -467.916666666667,282.916666666667 -473.75,282.916666666667 -470.416666666667,285.416666666667 -468.75,290.416666666667 -467.083333333333,293.75 -467.916666666667,298.75 -472.083333333333,316.25 -476.25,334.583333333333 -414.583333333333,362.916666666667 -421.25,343.75 -484.583333333333,391.25 -497.083333333333,412.083333333333 -419.583333333333,442.916666666667 -423.75,451.25 -392.083333333333,430.416666666667 -388.75,453.75 -317.916666666667,429.583333333333 -312.916666666667,429.583333333333 -291.25,403.75 -285.416666666667,401.25 -300.416666666667,366.25 -291.25,341.25 -321.25,312.083333333333 -312.916666666667)))",,H166
