WKT,id,Name
"MULTIPOLYGON (((259.583333333333 -354.583333333333,310.416666666667 -317.5,312.916666666667 -318.75,316.666666666667 -319.583333333333,321.25 -319.583333333333,324.583333333333 -319.583333333333,326.666666666667 -319.583333333333,357.083333333333 -295.0,366.666666666667 -287.916666666667,394.583333333333 -318.333333333333,393.75 -319.583333333333,391.666666666667 -321.25,390.0 -323.333333333333,390.0 -326.25,433.333333333333 -368.75,452.5 -353.75,453.75 -352.916666666667,457.083333333333 -350.833333333333,458.75 -350.0,463.333333333333 -350.0,467.916666666667 -351.25,497.083333333333 -387.916666666667,497.5 -388.75,497.5 -390.416666666667,497.5 -392.5,495.833333333333 -395.416666666667,491.25 -401.25,488.75 -402.5,467.916666666667 -415.833333333333,405.0 -451.666666666667,392.5 -445.0,360.833333333333 -465.0,259.583333333333 -354.583333333333)))",,H220
