WKT,id,Name
"MULTIPOLYGON (((357.818181818182 -326.795454545455,325.363636363636 -410.795454545455,388.363636363636 -437.522727272727,389.318181818182 -421.295454545455,392.181818181818 -415.568181818182,400.772727272727 -413.659090909091,409.363636363636 -409.840909090909,417.954545454545 -409.840909090909,422.727272727273 -403.159090909091,441.818181818182 -357.340909090909,357.818181818182 -326.795454545455)))",,H228
