WKT,id,Name
"MULTIPOLYGON (((294.166666666667 -417.083333333333,289.583333333333 -432.083333333333,340.833333333333 -451.25,348.75 -430.0,348.75 -430.0,346.666666666667 -427.083333333333,345 -425,345.0 -421.666666666667,345.0 -419.166666666667,345.833333333333 -418.333333333333,353.333333333333 -417.916666666667,354.166666666667 -418.333333333333,358.333333333333 -419.583333333333,395.0 -430.833333333333,394.166666666667 -431.25,394.166666666667 -429.166666666667,400.0 -429.583333333333,400.833333333333 -430.0,403.75 -434.583333333333,475.0 -458.75,499.166666666667 -413.75,507.083333333333 -410.0,526.25 -357.916666666667,372.916666666667 -312.5,354.583333333333 -374.583333333333,337.5 -377.916666666667,328.75 -397.5,340.833333333333 -407.083333333333,344.166666666667 -415.833333333333,340.833333333333 -421.666666666667,298.75 -410.416666666667,294.166666666667 -417.083333333333)))",,H243
