WKT,id,Name
"MULTIPOLYGON (((122.930463576159 -287.210264900662,118.584437086093 -281.560430463576,118.149834437086 -277.649006622517,116.846026490066 -273.737582781457,115.976821192053 -269.391556291391,115.542218543046 -267.218543046358,116.41142384106 -262.872516556291,118.584437086093 -260.699503311258,124.668874172185 -256.788079470199,130.318708609271 -253.311258278146,135.533940397351 -250.269039735099,142.922185430464 -247.226821192053,150.745033112583 -243.75,160.740894039735 -237.665562913907,168.563741721854 -234.188741721854,175.951986754967 -232.450331125828,173.778973509934 -232.884933774834,175.51738410596 -230.711920529801,178.125 -228.973509933775,181.167218543046 -229.408112582781,182.905629139073 -235.492549668874,202.462748344371 -273.737582781457,195.509105960265 -278.51821192053,198.985927152318 -285.037251655629,205.070364238411 -280.256622516556,214.19701986755 -299.813741721854,206.37417218543 -305.46357615894,208.98178807947 -310.244205298013,215.935430463576 -308.505794701987,226.365894039735 -323.716887417219,217.673841059603 -327.193708609272,220.716059602649 -331.974337748344,228.538907284768 -330.235927152318,240.707781456954 -352.400662251656,234.188741721854 -357.615894039735,235.927152317881 -362.831125827815,242.44619205298 -359.354304635762,248.530629139073 -368.915562913907,184.644039735099 -401.076158940397,179.42880794702 -402.814569536424,176.82119205298 -402.379966887417,122.930463576159 -287.210264900662),(152.483443708609 -268.956953642384,160.306291390728 -282.429635761589,165.956125827815 -280.691225165563,166.390728476821 -278.083609271523,164.217715231788 -275.91059602649,162.913907284768 -275.91059602649,160.306291390728 -270.695364238411,159.002483443709 -267.218543046358,155.960264900662 -265.914735099338,152.483443708609 -268.956953642384)))",,H2517
