WKT,id,Name
"MULTIPOLYGON (((342.532169117647 -358.042279411765,332.192095588235 -344.393382352941,355.353860294118 -328.262867647059,347.909007352941 -318.336397058823,359.489889705882 -310.064338235294,408.295036764706 -367.555147058823,399.609375 -377.481617647059,415.739889705882 -398.161764705882,426.493566176471 -400.229779411765,452.550551470588 -433.318014705882,397.954963235294 -486.672794117647,349.977022058824 -432.490808823529,376.447610294118 -408.501838235294,396.300551470588 -426.286764705882,412.431066176471 -411.397058823529,393.818933823529 -388.235294117647,372.311580882353 -401.470588235294,368.589154411765 -396.920955882353,342.945772058824 -421.323529411765,328.883272058824 -406.020220588235,333.846507352941 -393.198529411765,356.181066176471 -374.172794117647,342.532169117647 -358.042279411765)))",,H2552
