WKT,id,Name
"MULTIPOLYGON (((284.834558823529 -287.316176470588,336.121323529412 -290.211397058823,326.608455882353 -321.231617647059,346.461397058823 -322.472426470588,343.152573529412 -339.430147058823,319.163602941176 -339.430147058823,317.095588235294 -362.178308823529,353.492647058823 -366.314338235294,352.66544117647 -347.702205882353,372.518382352941 -348.115808823529,371.277573529412 -369.209558823529,415.94669117647 -373.345588235294,416.360294117647 -350.597426470588,437.04044117647 -351.011029411765,433.731617647059 -379.963235294117,430.836397058823 -383.272058823529,427.941176470588 -386.994485294117,427.941176470588 -387.82169117647,427.941176470588 -393.198529411765,429.595588235294 -394.025735294117,432.077205882353 -401.470588235294,333.639705882353 -390.303308823529,332.398897058823 -396.09375,292.279411764706 -393.612132352941,291.865808823529 -366.72794117647,278.630514705882 -365.073529411765,279.044117647059 -336.948529411765,286.902573529412 -336.534926470588,284.834558823529 -287.316176470588)))",,H2550
"MULTIPOLYGON (((355.147058823529 -403.952205882353,458.13419117647 -413.051470588235,457.720588235294 -422.97794117647,445.3125 -420.909926470588,445.3125 -416.360294117647,372.931985294118 -414.292279411765,374.172794117647 -439.522058823529,360.110294117647 -439.108455882353,360.523897058823 -428.768382352941,355.147058823529 -428.354779411765,355.147058823529 -403.952205882353)))",,H2550
