WKT,id,Name
"MULTIPOLYGON (((228.538907284768 -307.636589403974,305.898178807947 -322.413079470199,295.467715231788 -393.687913907285,218.108443708609 -379.780629139073,228.538907284768 -307.636589403974)))",,H2613
"MULTIPOLYGON (((343.274006622516 -328.497516556291,493.646523178808 -346.75082781457,495.384933774834 -346.75082781457,495.384933774834 -355.442880794702,473.654801324503 -475.39321192053,424.979304635762 -470.17798013245,432.802152317881 -437.148178807947,402.379966887417 -433.671357615894,397.164735099338 -464.962748344371,379.780629139073 -464.093543046358,391.949503311258 -406.725993377484,336.320364238411 -397.164735099338,343.274006622516 -328.497516556291)))",,H2613
