WKT,id,Name
"MULTIPOLYGON (((322.847682119205 -407.595198675497,344.14321192053 -389.776490066225,335.885761589404 -378.476821192053,346.316225165563 -369.784768211921,363.265728476821 -391.514900662252,376.30380794702 -382.388245033113,382.822847682119 -385.430463576159,419.329470198675 -358.050496688742,424.544701986755 -355.442880794702,428.456125827815 -355.442880794702,432.367549668874 -357.181291390729,438.451986754967 -361.092715231788,441.494205298013 -366.307947019868,443.667218543046 -370.219370860927,447.578642384106 -374.565397350993,450.186258278146 -378.042218543046,451.924668874172 -382.388245033113,449.317052980132 -387.603476821192,361.961920529801 -451.490066225166,361.961920529801 -451.924668874172,359.354304635762 -452.359271523179,356.746688741722 -451.924668874172,355.442880794702 -450.620860927152,322.847682119205 -407.595198675497)))",,H2834
