WKT,id,name
"MULTIPOLYGON (((322.979323308271 -403.336466165414,323.402255639098 -391.494360902256,323.402255639098 -391.494360902256,334.398496240601 -379.652255639098,346.663533834586 -363.580827067669,353.43045112782 -357.236842105263,377.537593984962 -355.968045112782,383.458646616541 -354.276315789474,397.415413533835 -347.509398496241,419.830827067669 -347.509398496241,457.048872180451 -346.663533834586,457.894736842105 -352.584586466165,459.163533834586 -364.84962406015,459.163533834586 -374.577067669173,457.048872180451 -379.652255639098,457.048872180451 -388.956766917293,454.088345864662 -391.494360902256,445.62969924812 -394.454887218045,437.593984962406 -398.684210526316,426.174812030075 -403.759398496241,397.838345864662 -403.336466165414,357.65977443609 -405.028195488722,322.979323308271 -403.336466165414)))",,H2841
"MULTIPOLYGON (((298.026315789474 -353.43045112782,304.37030075188 -353.43045112782,310.714285714286 -350.046992481203,339.896616541353 -348.355263157895,341.165413533835 -367.81015037594,335.667293233083 -370.770676691729,333.12969924812 -375.845864661654,330.169172932331 -379.652255639098,325.93984962406 -381.343984962406,320.864661654135 -385.573308270677,307.330827067669 -383.458646616541,301.40977443609 -383.035714285714,297.180451127819 -383.035714285714,298.026315789474 -353.43045112782)))",,H2841
