WKT,id,Name
"MULTIPOLYGON (((315.416666666667 -357.083333333333,326.25 -390.416666666667,319.166666666667 -395.416666666667,333.333333333333 -428.75,411.666666666667 -408.75,401.666666666667 -374.166666666667,397.916666666667 -370.833333333333,430.416666666667 -366.25,420.833333333333 -332.083333333333,392.5 -337.916666666667,390.833333333333 -337.916666666667,387.5 -335.833333333333,387.083333333333 -332.5,386.666666666667 -332.083333333333,327.083333333333 -344.583333333333,315.833333333333 -358.333333333333,315.416666666667 -357.083333333333)))",,H327
