WKT,id,Name
"MULTIPOLYGON (((302.421357615894 -338.493377483444,354.573675496689 -332.408940397351,358.919701986755 -347.185430463576,361.527317880795 -352.400662251656,362.396523178808 -355.877483443709,364.134933774834 -360.223509933775,368.480960264901 -361.961920529801,371.957781456954 -362.831125827815,372.826986754967 -362.831125827815,375.434602649007 -363.700331125828,390.211092715232 -420.198675496689,333.712748344371 -443.667218543046,302.421357615894 -338.493377483444)))",,H434
"MULTIPOLYGON (((384.126655629139 -338.493377483444,394.557119205298 -334.147350993378,398.033940397351 -331.539735099338,398.033940397351 -327.193708609272,398.903145695364 -324.586092715232,401.510761589404 -328.062913907285,404.987582781457 -331.539735099338,407.595198675497 -341.100993377483,414.548841059603 -363.700331125828,417.156456953642 -375.0,419.764072847682 -381.084437086093,422.371688741722 -388.907284768212,423.240894039735 -391.514900662252,424.110099337748 -394.991721854305,420.633278145695 -401.076158940397,418.894867549669 -406.291390728477,418.894867549669 -410.637417218543,415.418046357616 -414.983443708609,413.679635761589 -414.983443708609,409.333609271523 -414.114238410596,402.379966887417 -410.637417218543,384.126655629139 -338.493377483444)))",,H434
