WKT,id,Name
"MULTIPOLYGON (((269.583333333333 -432.083333333333,329.583333333333 -480.416666666667,479.583333333333 -342.083333333333,410.416666666667 -282.916666666667,287.083333333333 -408.75,291.25 -412.083333333333,272.083333333333 -427.916666666667,269.583333333333 -432.083333333333)))",,H501
