WKT,id,Name
"MULTIPOLYGON (((424.110099337748 -357.615894039735,430.194536423841 -385.430463576159,444.101821192053 -387.168874172185,462.355132450331 -456.705298013245,550.144867549669 -455.836092715232,529.283940397351 -375.869205298013,529.283940397351 -365.438741721854,523.199503311258 -336.754966887417,424.110099337748 -357.615894039735)))",,H509
