WKT,id,Name
"MULTIPOLYGON (((310.67880794702 -351.096854304636,308.505794701987 -388.472682119205,317.632450331126 -389.341887417219,319.370860927152 -418.894867549669,332.843543046358 -418.894867549669,335.016556291391 -411.941225165563,361.961920529801 -411.07201986755,362.831125827815 -418.025662251656,383.692052980132 -418.460264900662,384.126655629139 -410.637417218543,393.687913907285 -410.202814569536,394.122516556291 -418.460264900662,408.029801324503 -418.460264900662,408.899006622517 -412.37582781457,435.40976821192 -411.07201986755,436.278973509934 -402.379966887417,441.494205298013 -401.510761589404,442.363410596026 -380.21523178808,432.367549668874 -379.346026490066,431.932947019868 -356.312086092715,441.92880794702 -353.704470198676,441.059602649007 -348.923841059603,423.675496688742 -348.054635761589,421.502483443709 -335.451158940397,430.194536423841 -333.712748344371,430.629139072848 -311.98261589404,428.456125827815 -308.07119205298,427.586920529801 -305.898178807947,425.848509933775 -304.594370860927,422.371688741722 -304.594370860927,404.55298013245 -303.290562913907,392.818708609271 -303.725165562914,380.649834437086 -304.594370860927,371.523178807947 -304.594370860927,361.961920529801 -304.594370860927,350.662251655629 -304.594370860927,348.054635761589 -305.028973509934,350.227649006622 -333.712748344371,335.016556291391 -336.754966887417,335.451158940397 -349.793046357616,310.67880794702 -351.096854304636),(338.710678807947 -341.100993377484,338.710678807947 -346.533526490066,346.533526490066 -346.75082781457,346.533526490066 -344.79511589404,344.14321192053 -344.79511589404,344.14321192053 -340.88369205298,338.710678807947 -341.100993377484),(366.742549668874 -341.100993377484,366.959850993377 -346.09892384106,373.913493377483 -346.09892384106,373.04428807947 -340.449089403974,366.742549668874 -341.100993377484),(395.209023178808 -340.88369205298,395.426324503311 -347.185430463576,404.335678807947 -346.968129139073,403.466473509934 -340.23178807947,395.209023178808 -340.88369205298),(370.002069536424 -325.237996688742,370.002069536424 -329.366721854305,376.521109271523 -329.801324503311,376.521109271523 -325.672599337748,370.002069536424 -325.237996688742),(397.164735099338 -325.237996688742,398.685844370861 -330.235927152318,403.031870860927 -330.018625827815,403.24917218543 -325.672599337748,397.164735099338 -325.237996688742)))",,H513
