WKT,id,Name
"MULTIPOLYGON (((127.916666666667 -348.75,430.416666666667 -304.583333333333,443.75 -362.083333333333,364.583333333333 -376.25,387.916666666667 -517.916666666667,385.416666666667 -521.25,382.916666666667 -527.083333333333,382.916666666667 -530.416666666667,384.583333333333 -536.25,387.916666666667 -540.416666666667,362.083333333333 -540.416666666667,354.583333333333 -540.416666666667,345.416666666667 -542.916666666667,337.083333333333 -547.916666666667,336.25 -552.083333333333,132.083333333333 -582.083333333333,117.916666666667 -493.75,167.916666666667 -481.25,167.083333333333 -460.416666666667,250.416666666667 -449.583333333333,246.25 -423.75,329.583333333333 -411.25,326.25 -379.583333333333,135.416666666667 -407.916666666667,127.916666666667 -348.75)))",,H544
"MULTIPOLYGON (((464.583333333333 -276.25,457.916666666667 -274.583333333333,465.416666666667 -268.75,662.083333333333 -238.75,676.25 -240.416666666667,677.083333333333 -240.416666666667,677.083333333333 -253.75,678.75 -265.416666666667,682.083333333333 -277.916666666667,682.916666666667 -294.583333333333,683.75 -302.916666666667,684.583333333333 -315.416666666667,682.083333333333 -323.75,681.25 -326.25,465.416666666667 -369.583333333333,463.75 -356.25,462.083333333333 -344.583333333333,462.083333333333 -337.083333333333,462.083333333333 -329.583333333333,463.75 -320.416666666667,465.416666666667 -317.916666666667,467.083333333333 -316.25,467.083333333333 -312.916666666667,464.583333333333 -276.25)))",,H544
