WKT,id,Name
"MULTIPOLYGON (((366.742549668874 -287.644867549669,319.805463576159 -357.181291390729,335.016556291391 -364.569536423841,327.628311258278 -378.476821192053,437.582781456954 -445.84023178808,493.211920529801 -365.438741721854,366.742549668874 -287.644867549669)))",,H565
