WKT,id,Name
"MULTIPOLYGON (((313.75 -217.083333333333,314.166666666667 -325.416666666667,382.916666666667 -327.916666666667,382.916666666667 -292.083333333333,422.916666666667 -282.916666666667,422.916666666667 -245.416666666667,384.583333333333 -243.75,381.25 -212.916666666667,313.75 -217.083333333333)))",,H696
