WKT,id,Name
"MULTIPOLYGON (((318.541666666667 -311.666666666667,313.958333333333 -403.541666666667,313.125 -412.916666666667,393.333333333333 -414.375,394.791666666667 -420.625,411.25 -421.041666666667,410.416666666667 -404.583333333333,440.416666666667 -404.791666666667,444.375 -335.0,439.375 -334.791666666667,432.291666666667 -331.666666666667,431.875 -331.041666666667,429.375 -330.0,428.333333333333 -329.166666666667,427.916666666667 -325.833333333333,427.5 -324.166666666667,427.5 -322.708333333333,409.583333333333 -321.25,393.958333333333 -318.958333333333,392.916666666667 -317.083333333333,392.916666666667 -316.25,391.458333333333 -315.208333333333,389.375 -315.0,386.666666666667 -314.375,383.75 -313.75,383.125 -313.333333333333,381.875 -311.875,381.041666666667 -311.041666666667,380.0 -310.416666666667,377.708333333333 -309.791666666667,373.333333333333 -309.791666666667,371.041666666667 -309.791666666667,366.25 -309.791666666667,318.541666666667 -311.666666666667),(399.791666666667 -320.416666666667,402.291666666667 -420.416666666667,407.5 -420.208333333333,404.583333333333 -321.458333333333,399.791666666667 -320.416666666667)))",,H838
