WKT,id,name
"MULTIPOLYGON (((269.68984962406 -263.345864661654,334.821428571429 -240.507518796992,382.18984962406 -231.203007518797,394.877819548872 -230.357142857143,414.332706766917 -285.338345864662,427.020676691729 -315.789473684211,442.246240601504 -353.007518796992,449.859022556391 -379.229323308271,462.546992481203 -407.142857142857,466.776315789474 -419.830827067669,491.306390977444 -414.755639097744,523.449248120301 -406.296992481203,575.046992481203 -392.763157894737,595.347744360902 -381.766917293233,604.652255639098 -369.078947368421,618.186090225564 -373.308270676692,630.874060150376 -398.684210526316,652.866541353384 -446.052631578947,659.633458646617 -470.582706766917,672.321428571429 -491.729323308271,683.317669172932 -518.796992481203,682.471804511278 -531.484962406015,682.471804511278 -545.018796992481,683.317669172932 -555.169172932331,649.483082706767 -565.31954887218,619.031954887218 -578.007518796992,601.268796992481 -541.635338345865,583.505639097745 -501.87969924812,574.201127819549 -478.195488721805,563.204887218045 -473.966165413534,528.524436090226 -487.5,503.148496240602 -494.266917293233,475.234962406015 -502.725563909774,433.787593984962 -520.488721804511,416.87030075188 -527.255639097744,395.723684210526 -525.563909774436,379.652255639098 -517.105263157895,359.351503759399 -498.496240601504,332.283834586466 -434.210526315789,300.986842105263 -366.541353383459,276.456766917293 -302.255639097744,270.535714285714 -284.492481203008,269.68984962406 -263.345864661654)))",,J114
