WKT,id,Name
"MULTIPOLYGON (((501.243556701031 -278.389175257732,597.854381443299 -288.943298969072,579.181701030928 -536.559278350515,478.511597938144 -527.628865979381,501.243556701031 -278.389175257732)))",,J132-1
"MULTIPOLYGON (((224.400773195876 -301.932989690722,291.784793814433 -307.615979381443,291.784793814433 -323.041237113402,316.140463917526 -323.853092783505,315.328608247423 -273.518041237113,426.552835051546 -284.884020618557,423.305412371134 -328.724226804124,323.447164948454 -327.912371134021,312.893041237113 -418.028350515464,282.042525773196 -415.592783505155,276.359536082474 -478.105670103093,214.658505154639 -471.610824742268,224.400773195876 -301.932989690722)))",,J132
