WKT,id,name
"MULTIPOLYGON (((424.06015037594 -365.695488721804,511.184210526316 -369.924812030075,584.774436090226 -374.154135338346,609.304511278196 -374.154135338346,603.383458646617 -454.511278195489,600.845864661654 -528.947368421052,594.924812030075 -591.541353383458,594.924812030075 -611.842105263158,441.823308270677 -602.537593984962,426.597744360902 -605.075187969925,414.755639097744 -726.033834586466,407.142857142857 -744.642857142857,347.932330827068 -746.334586466165,276.033834586466 -743.796992481203,209.21052631579 -743.796992481203,120.394736842105 -736.184210526316,126.315789473684 -638.90977443609,130.545112781955 -600.0,232.048872180451 -606.766917293233,320.018796992481 -614.37969924812,409.68045112782 -615.225563909774,413.90977443609 -493.421052631579,418.984962406015 -416.447368421053,424.06015037594 -365.695488721804)))",,J189
