WKT,id,name
"MULTIPOLYGON (((189.755639097744 -266.306390977444,276.87969924812 -236.701127819549,342.011278195489 -217.246240601504,386.842105263158 -201.174812030075,443.515037593985 -180.028195488722,478.195488721805 -166.494360902256,501.87969924812 -158.881578947368,507.800751879699 -152.114661654135,545.018796992481 -136.889097744361,559.398496240602 -169.031954887218,576.315789473684 -200.328947368421,581.390977443609 -223.167293233083,587.312030075188 -241.776315789474,575.46992481203 -246.851503759398,543.327067669173 -260.385338345865,525.563909774436 -267.152255639098,512.875939849624 -268.843984962406,523.026315789474 -295.065789473684,500.187969924812 -304.37030075188,486.654135338346 -306.062030075188,477.34962406015 -306.062030075188,468.045112781955 -308.59962406015,451.127819548872 -292.528195488722,405.451127819549 -311.137218045113,402.913533834586 -326.362781954887,391.917293233083 -340.742481203008,368.233082706767 -349.201127819549,326.785714285714 -361.043233082707,301.40977443609 -371.193609022556,272.65037593985 -383.881578947368,257.424812030075 -394.031954887218,267.575187969925 -434.633458646617,290.413533834586 -485.385338345865,314.097744360902 -564.896616541353,312.406015037594 -576.738721804511,343.703007518797 -654.558270676692,351.315789473684 -674.013157894737,351.315789473684 -685.009398496241,344.548872180451 -696.851503759398,330.169172932331 -700.234962406015,281.109022556391 -710.385338345865,255.733082706767 -657.941729323308,231.203007518797 -588.580827067669,208.364661654135 -524.295112781955,192.293233082707 -492.152255639098,182.988721804511 -456.625939849624,171.992481203008 -436.325187969925,167.763157894737 -421.945488721805,166.071428571429 -415.178571428571,195.676691729323 -405.874060150376,223.59022556391 -395.723684210526,236.278195488722 -386.419172932331,233.740601503759 -364.426691729323,201.597744360902 -283.223684210526,189.755639097744 -266.306390977444)))",,J204
