WKT,id,name
"MULTIPOLYGON (((337.359022556391 -198.637218045113,443.092105263158 -223.59022556391,493.843984962406 -236.278195488722,518.796992481203 -242.622180451128,501.87969924812 -300.563909774436,493.843984962406 -335.667293233083,445.206766917293 -325.093984962406,391.917293233083 -312.406015037594,374.154135338346 -383.458646616541,361.466165413534 -447.321428571429,344.971804511278 -509.492481203007,292.528195488722 -496.804511278195,281.531954887218 -491.306390977444,284.06954887218 -468.468045112782,293.796992481203 -434.210526315789,302.678571428571 -389.802631578947,311.56015037594 -355.545112781955,320.441729323308 -323.825187969925,326.362781954887 -301.832706766917,309.445488721804 -292.528195488722,337.359022556391 -198.637218045113)))",,J2513
