WKT,id,name
"MULTIPOLYGON (((213.43984962406 -428.712406015038,313.251879699248 -392.34022556391,381.766917293233 -369.501879699248,414.755639097744 -352.584586466165,461.278195488722 -329.746240601504,462.96992481203 -300.140977443609,439.285714285714 -264.614661654135,386.842105263158 -285.761278195489,364.003759398496 -224.013157894737,422.368421052632 -197.791353383459,473.12030075188 -174.107142857143,490.037593984962 -171.56954887218,503.571428571429 -205.404135338346,482.424812030075 -213.016917293233,490.883458646617 -238.392857142857,511.184210526316 -236.701127819549,540.789473684211 -302.678571428571,560.244360902256 -355.122180451128,577.161654135338 -385.573308270677,584.774436090226 -398.261278195489,585.62030075188 -403.336466165414,528.101503759398 -421.09962406015,515.413533834586 -410.103383458647,502.725563909774 -413.486842105263,486.654135338346 -420.253759398496,455.357142857143 -433.787593984962,462.96992481203 -472.697368421053,285.338345864662 -546.287593984962,260.808270676692 -548.825187969925,226.127819548872 -470.15977443609,213.43984962406 -428.712406015038)))",,J2515
