WKT,id,name
"MULTIPOLYGON (((295.911654135338 -226.973684210526,405.451127819549 -250.234962406015,455.78007518797 -259.962406015038,508.223684210526 -272.65037593985,513.721804511278 -274.765037593985,509.492481203008 -291.682330827068,498.496240601504 -331.015037593985,492.998120300752 -350.892857142857,491.306390977444 -359.774436090226,460.432330827068 -353.43045112782,434.210526315789 -349.201127819549,427.866541353383 -371.193609022557,418.139097744361 -413.486842105263,409.68045112782 -447.321428571429,403.336466165414 -480.31015037594,394.877819548872 -513.721804511278,387.265037593985 -537.406015037594,384.304511278195 -564.896616541354,355.545112781955 -561.936090225564,348.778195488722 -578.007518796993,312.828947368421 -569.971804511278,318.327067669173 -550.093984962406,259.53947368421 -538.251879699248,226.127819548872 -531.062030075188,238.392857142857 -494.266917293233,241.776315789474 -473.543233082707,251.503759398496 -427.866541353384,263.768796992481 -383.881578947369,272.65037593985 -339.473684210526,279.417293233083 -312.828947368421,295.911654135338 -226.973684210526)))",,J2518
