WKT,id,name
"MULTIPOLYGON (((294.21992481203 -271.381578947368,372.885338345865 -291.682330827068,383.035714285714 -246.005639097744,466.353383458647 -265.037593984962,514.990601503759 -275.610902255639,504.84022556391 -314.097744360902,493.421052631579 -372.462406015038,559.398496240601 -385.573308270677,580.968045112782 -391.917293233083,559.821428571429 -484.962406015038,540.789473684211 -547.556390977443,527.678571428571 -602.114661654135,461.278195488722 -587.734962406015,421.522556390977 -573.778195488722,422.368421052632 -570.817669172932,358.505639097744 -551.362781954887,337.359022556391 -545.018796992481,343.28007518797 -517.951127819549,347.932330827068 -511.184210526316,398.684210526316 -523.449248120301,433.364661654135 -531.484962406015,456.625939849624 -534.445488721804,471.851503759398 -477.772556390977,402.067669172932 -461.278195488722,344.125939849624 -448.59022556391,254.887218045113 -423.637218045113,294.21992481203 -271.381578947368)))",,J2526
