WKT,id,name
"MULTIPOLYGON (((237.96992481203 -423.637218045113,369.924812030075 -425.328947368421,444.783834586466 -426.174812030075,462.124060150376 -426.597744360902,473.966165413534 -422.791353383459,480.31015037594 -408.834586466165,484.962406015038 -396.992481203008,528.947368421053 -393.186090225564,572.509398496241 -394.454887218045,594.078947368421 -394.031954887218,599.154135338346 -418.984962406015,596.616541353383 -472.697368421053,597.039473684211 -533.59962406015,600.0 -579.276315789474,593.656015037594 -589.84962406015,569.548872180451 -592.81015037594,494.68984962406 -592.387218045113,483.693609022556 -587.734962406015,484.116541353383 -542.481203007519,468.468045112782 -542.058270676692,452.81954887218 -541.635338345865,435.056390977444 -541.212406015038,423.214285714286 -540.789473684211,406.71992481203 -538.251879699248,385.15037593985 -538.674812030075,369.924812030075 -539.520676691729,356.813909774436 -539.943609022556,336.936090225564 -541.635338345865,336.936090225564 -541.635338345865,304.37030075188 -542.481203007519,285.761278195489 -542.904135338346,265.883458646617 -542.904135338346,253.618421052632 -542.058270676692,246.005639097744 -541.635338345865,243.890977443609 -541.635338345865,240.507518796992 -540.366541353383,238.392857142857 -538.674812030075,237.124060150376 -528.524436090226,236.278195488722 -498.073308270677,237.96992481203 -423.637218045113)))",,J2522
