WKT,id,name
"MULTIPOLYGON (((266.729323308271 -222.321428571429,310.291353383459 -225.281954887218,355.122180451128 -218.515037593985,417.293233082707 -215.554511278195,471.851503759399 -212.593984962406,501.87969924812 -215.131578947368,513.298872180451 -222.321428571429,517.528195488722 -239.238721804511,520.065789473684 -257.847744360902,521.334586466166 -270.535714285714,522.18045112782 -278.994360902256,519.642857142857 -287.875939849624,510.761278195489 -289.990601503759,498.919172932331 -292.528195488722,487.5 -298.449248120301,454.934210526316 -298.872180451128,413.90977443609 -302.678571428571,357.236842105263 -303.524436090226,362.734962406015 -413.90977443609,364.84962406015 -486.654135338346,366.541353383459 -513.298872180451,304.793233082707 -512.03007518797,277.302631578947 -514.567669172932,242.622180451128 -514.144736842105,214.708646616541 -518.796992481203,201.174812030075 -518.374060150376,201.174812030075 -406.71992481203,200.328947368421 -348.778195488722,241.353383458647 -347.086466165414,281.531954887218 -347.509398496241,278.148496240602 -317.481203007519,258.693609022556 -312.828947368421,254.887218045113 -298.026315789474,246.005639097744 -295.488721804511,243.468045112782 -267.998120300752,240.084586466165 -246.851503759398,240.084586466165 -234.163533834586,253.618421052632 -231.203007518797,266.729323308271 -222.321428571429)))",,J2521
