WKT,id,name
"MULTIPOLYGON (((265.037593984962 -274.765037593985,435.902255639098 -247.697368421053,567.857142857143 -225.704887218045,609.304511278195 -220.62969924812,632.988721804511 -346.663533834586,643.984962406015 -402.490601503759,650.751879699248 -448.167293233083,621.992481203008 -450.704887218045,560.244360902256 -462.546992481203,492.575187969925 -471.851503759398,452.81954887218 -474.389097744361,412.218045112782 -482.847744360902,352.161654135338 -490.460526315789,324.248120300752 -494.68984962406,311.56015037594 -494.68984962406,301.40977443609 -494.68984962406,280.263157894737 -375.422932330827,265.037593984962 -274.765037593985)))",,J332
