WKT,id,Name
"MULTIPOLYGON (((209.583333333333 -292.5,208.333333333333 -319.583333333333,217.083333333333 -339.583333333333,217.083333333333 -349.583333333333,210.833333333333 -354.583333333333,209.583333333333 -385.0,261.666666666667 -392.5,267.5 -430.0,273.75 -453.333333333333,276.666666666667 -508.333333333333,338.75 -509.166666666667,345.0 -502.083333333333,348.75 -500.416666666667,352.5 -499.583333333333,355.416666666667 -498.75,537.916666666667 -497.916666666667,538.75 -401.25,467.916666666667 -400.416666666667,460.833333333333 -392.5,457.916666666667 -385.416666666667,457.916666666667 -375.416666666667,457.5 -372.916666666667,456.666666666667 -370.833333333333,455.416666666667 -369.583333333333,449.166666666667 -365.416666666667,444.166666666667 -360.0,440.833333333333 -353.75,438.75 -347.916666666667,437.5 -342.5,437.5 -336.25,440.0 -329.583333333333,442.916666666667 -326.666666666667,445.416666666667 -323.75,446.25 -322.916666666667,448.75 -319.166666666667,448.333333333333 -313.333333333333,446.25 -305.0,445.833333333333 -298.75,445.833333333333 -292.5,445.833333333333 -290.833333333333,442.083333333333 -290.416666666667,433.75 -288.75,427.083333333333 -285.0,422.083333333333 -280.833333333333,419.583333333333 -279.166666666667,416.25 -277.5,415.416666666667 -276.666666666667,209.583333333333 -292.5)))",,J365
