WKT,id,name
"MULTIPOLYGON (((264.191729323308 -184.257518796992,293.796992481203 -188.486842105263,319.172932330827 -191.87030075188,342.011278195489 -195.253759398496,355.545112781955 -197.791353383459,358.928571428571 -207.941729323308,357.236842105263 -228.242481203008,355.545112781955 -245.15977443609,358.082706766917 -250.234962406015,368.233082706767 -250.234962406015,404.605263157895 -257.001879699248,442.669172932331 -260.385338345865,477.34962406015 -267.152255639098,503.571428571429 -273.919172932331,511.184210526316 -286.607142857143,512.03007518797 -307.753759398496,501.033834586466 -381.343984962406,489.191729323308 -460.855263157895,480.733082706767 -509.06954887218,476.503759398496 -561.513157894737,473.12030075188 -586.889097744361,468.890977443609 -595.347744360902,457.894736842105 -594.501879699248,434.210526315789 -591.964285714286,410.526315789474 -586.889097744361,393.609022556391 -583.505639097744,370.770676691729 -580.968045112782,356.390977443609 -578.43045112782,347.086466165414 -567.434210526316,349.624060150376 -544.595864661654,352.161654135338 -533.59962406015,358.082706766917 -491.306390977444,364.84962406015 -451.550751879699,367.387218045113 -434.633458646617,367.387218045113 -425.328947368421,355.545112781955 -420.253759398496,339.473684210526 -417.716165413534,331.015037593985 -427.020676691729,328.477443609023 -443.092105263158,322.556390977444 -448.167293233083,309.868421052632 -444.783834586466,293.796992481203 -442.246240601504,275.187969924812 -438.862781954887,259.962406015038 -438.016917293233,246.428571428571 -434.633458646617,236.278195488722 -433.787593984962,225.281954887218 -428.712406015038,225.281954887218 -415.178571428571,242.199248120301 -325.516917293233,247.274436090226 -289.990601503759,264.191729323308 -184.257518796992)))",,J387
