WKT,id,name
"MULTIPOLYGON (((495.112781954887 -383.035714285714,498.496240601504 -357.65977443609,504.417293233083 -331.437969924812,512.875939849624 -306.907894736842,515.413533834586 -292.528195488722,512.03007518797 -284.06954887218,514.567669172932 -264.614661654135,515.413533834586 -252.772556390977,523.026315789474 -247.697368421053,539.097744360902 -254.464285714286,565.31954887218 -259.539473684211,588.157894736842 -262.922932330827,599.154135338346 -267.998120300752,605.075187969925 -273.073308270677,601.691729323308 -284.915413533835,597.462406015038 -316.212406015038,589.84962406015 -353.43045112782,584.774436090226 -377.960526315789,580.545112781955 -394.877819548872,575.46992481203 -410.103383458647,573.778195488722 -421.09962406015,574.624060150376 -439.708646616541,572.086466165414 -449.013157894737,564.473684210526 -462.546992481203,560.244360902256 -476.080827067669,556.015037593985 -491.306390977444,550.093984962406 -497.227443609023,533.176691729323 -498.919172932331,517.105263157895 -495.535714285714,501.87969924812 -494.68984962406,488.345864661654 -492.152255639098,473.12030075188 -488.768796992481,464.661654135338 -488.768796992481,454.511278195489 -492.998120300752,449.436090225564 -504.84022556391,448.59022556391 -516.682330827068,445.206766917293 -525.140977443609,432.518796992481 -520.911654135338,419.830827067669 -516.682330827068,407.142857142857 -523.449248120301,345.394736842105 -517.528195488722,243.890977443609 -501.456766917293,222.744360902256 -496.381578947368,231.203007518797 -439.708646616541,241.353383458647 -390.648496240602,254.041353383459 -375.422932330827,285.338345864662 -375.422932330827,331.015037593985 -382.18984962406,369.924812030075 -390.648496240602,402.067669172932 -394.031954887218,418.984962406015 -399.107142857143,428.289473684211 -399.953007518797,439.285714285714 -387.265037593985,457.894736842105 -387.265037593985,495.112781954887 -383.035714285714)))",,
