WKT,id,name
"MULTIPOLYGON (((397.838345864662 -482.847744360902,457.048872180451 -356.813909774436,479.887218045113 -360.197368421053,492.575187969925 -333.12969924812,511.184210526316 -283.223684210526,527.255639097744 -243.468045112782,581.390977443609 -263.768796992481,566.165413533834 -306.062030075188,603.383458646616 -327.208646616541,598.308270676692 -352.584586466165,633.834586466165 -368.656015037594,615.225563909774 -409.257518796992,605.075187969925 -433.787593984962,578.007518796992 -494.68984962406,554.323308270677 -543.75,543.327067669173 -543.75,508.646616541353 -533.59962406015,450.281954887218 -509.06954887218,397.838345864662 -482.847744360902)))",,J495
"MULTIPOLYGON (((240.507518796992 -437.171052631579,252.34962406015 -409.257518796992,224.436090225564 -395.723684210526,162.687969924812 -372.885338345865,140.695488721804 -362.734962406015,138.157894736842 -349.201127819549,119.548872180451 -341.588345864662,125.46992481203 -325.516917293233,136.466165413534 -300.140977443609,147.462406015038 -280.686090225564,147.462406015038 -273.073308270677,153.383458646616 -256.156015037594,169.454887218045 -222.321428571429,192.293233082707 -228.242481203008,210.056390977444 -231.625939849624,240.507518796992 -246.005639097744,278.571428571428 -259.539473684211,319.172932330827 -278.994360902256,369.924812030075 -302.678571428571,361.466165413534 -327.208646616541,346.240601503759 -355.968045112782,324.248120300752 -362.734962406015,322.556390977444 -366.964285714286,316.635338345865 -383.035714285714,298.026315789474 -427.020676691729,307.330827067669 -432.095864661654,304.793233082707 -442.246240601504,317.481203007519 -446.475563909774,310.714285714286 -463.392857142857,278.571428571428 -449.013157894737,240.507518796992 -437.171052631579)))",,J495
