WKT,id,Name
"MULTIPOLYGON (((277.916666666667 -303.75,217.916666666667 -448.75,308.75 -484.583333333333,303.75 -500.416666666667,343.75 -517.083333333333,357.916666666667 -505.416666666667,516.25 -571.25,537.916666666667 -512.916666666667,486.25 -501.25,505.416666666667 -445.416666666667,487.083333333333 -440.416666666667,468.75 -492.083333333333,441.25 -483.75,450.416666666667 -461.25,407.083333333333 -447.916666666667,439.583333333333 -361.25,277.916666666667 -303.75),(405.833333333333 -457.916666666667,413.333333333333 -460.833333333333,397.5 -497.5,386.25 -497.083333333333,405.833333333333 -457.916666666667)))",,J546
