WKT,id,Name
"MULTIPOLYGON (((470.416666666667 -63.75,655.416666666667 -78.75,636.25 -300.416666666667,451.25 -277.083333333333,470.416666666667 -63.75)))",,J586
"MULTIPOLYGON (((182.083333333333 -295.416666666667,461.25 -319.583333333333,448.75 -449.583333333333,180.416666666667 -435.416666666667,175.416666666667 -458.75,167.083333333333 -458.75,148.75 -711.25,75.4166666666667 -702.916666666667,88.75 -447.916666666667,167.916666666667 -452.083333333333,182.083333333333 -295.416666666667)))",,J586
"MULTIPOLYGON (((404.583333333333 -477.916666666667,572.916666666667 -489.583333333333,567.916666666667 -571.25,401.25 -555.416666666667,404.583333333333 -477.916666666667)))",,J586
