WKT,id,name
"MULTIPOLYGON (((191.024436090226 -357.65977443609,262.922932330827 -369.924812030075,287.875939849624 -374.154135338346,299.718045112782 -329.746240601504,310.714285714286 -269.68984962406,317.904135338346 -233.740601503759,347.932330827068 -237.124060150376,431.25 -253.195488721804,497.227443609023 -262.922932330827,529.793233082707 -268.421052631579,538.674812030075 -278.571428571429,527.678571428571 -331.860902255639,509.06954887218 -434.210526315789,493.843984962406 -513.721804511278,491.306390977444 -529.793233082707,350.892857142857 -502.725563909774,306.907894736842 -495.958646616541,273.496240601504 -487.922932330827,262.077067669173 -528.524436090226,252.34962406015 -572.932330827068,169.454887218045 -558.552631578947,150.845864661654 -552.631578947368,191.024436090226 -357.65977443609)))",,J638
