WKT,id,name
"MULTIPOLYGON (((375.0 -475.657894736842,403.759398496241 -449.013157894737,409.680451127819 -442.669172932331,396.992481203007 -433.364661654135,389.37969924812 -438.016917293233,383.035714285714 -432.095864661654,390.225563909774 -422.791353383459,366.118421052632 -403.336466165414,421.09962406015 -347.086466165414,482.847744360902 -403.759398496241,523.026315789474 -364.84962406015,577.584586466165 -411.795112781955,603.806390977444 -433.787593984962,631.296992481203 -459.163533834587,654.135338345865 -479.887218045113,657.518796992481 -483.270676691729,626.644736842105 -513.298872180451,610.996240601504 -531.907894736842,627.490601503759 -547.979323308271,627.913533834586 -553.054511278196,603.383458646617 -578.43045112782,582.65977443609 -600.422932330827,561.09022556391 -580.968045112782,524.718045112782 -614.37969924812,451.127819548872 -551.785714285714,387.265037593985 -495.112781954887,372.03947368421 -481.156015037594,375.0 -475.657894736842)))",,J883
"MULTIPOLYGON (((192.716165413534 -329.323308270677,249.389097744361 -272.227443609023,291.682330827068 -230.357142857143,330.592105263158 -269.68984962406,360.62030075188 -292.105263157895,312.406015037594 -345.394736842105,266.729323308271 -389.802631578947,260.808270676692 -393.186090225564,195.253759398496 -335.667293233083,192.716165413534 -329.323308270677)))",,J883
