WKT,id,Name
"MULTIPOLYGON (((155.416666666667 -267.083333333333,244.583333333333 -254.583333333333,262.083333333333 -317.916666666667,332.916666666667 -305.416666666667,327.083333333333 -273.75,579.583333333333 -219.583333333333,590.416666666667 -256.25,626.25 -252.916666666667,661.25 -427.083333333333,557.083333333333 -448.75,552.083333333333 -440.416666666667,547.916666666667 -433.75,542.083333333333 -427.916666666667,532.083333333333 -427.916666666667,517.916666666667 -429.583333333333,497.916666666667 -435.416666666667,478.75 -439.583333333333,463.75 -439.583333333333,469.583333333333 -470.416666666667,434.583333333333 -476.25,423.75 -449.583333333333,365.416666666667 -460.416666666667,356.25 -423.75,298.75 -436.25,288.75 -398.75,184.583333333333 -409.583333333333,155.416666666667 -267.083333333333),(297.083333333333 -402.083333333333,310.416666666667 -402.083333333333,323.75 -398.75,332.083333333333 -397.083333333333,337.916666666667 -392.083333333333,338.75 -387.083333333333,338.75 -377.916666666667,338.75 -371.25,337.083333333333 -365.416666666667,333.75 -352.083333333333,332.083333333333 -346.25,330.416666666667 -336.25,328.75 -326.25,326.25 -318.75,318.75 -313.75,310.416666666667 -313.75,304.583333333333 -313.75,292.916666666667 -314.583333333333,287.083333333333 -317.083333333333,281.25 -320.416666666667,279.583333333333 -321.25,288.75 -365.416666666667,288.75 -366.25,290.416666666667 -371.25,297.083333333333 -402.083333333333),(449.583333333333 -343.75,457.916666666667 -374.583333333333,521.25 -365.416666666667,512.083333333333 -326.25,449.583333333333 -343.75),(487.916666666667 -380.416666666667,493.75 -393.75,522.916666666667 -387.916666666667,521.25 -373.75,487.916666666667 -380.416666666667),(422.916666666667 -262.916666666667,417.916666666667 -278.75,409.583333333333 -292.083333333333,413.75 -302.916666666667,427.083333333333 -302.083333333333,452.916666666667 -297.083333333333,473.75 -293.75,489.583333333333 -290.416666666667,501.25 -287.916666666667,512.083333333333 -280.416666666667,514.583333333333 -273.75,509.583333333333 -259.583333333333,506.25 -251.25,422.916666666667 -262.916666666667)))",,K360
