WKT,id,Name
"MULTIPOLYGON (((316.25 -195.416666666667,319.583333333333 -282.083333333333,317.083333333333 -320.416666666667,314.583333333333 -377.083333333333,163.75 -377.916666666667,165.416666666667 -426.25,247.083333333333 -428.75,255.416666666667 -576.25,575.416666666667 -579.583333333333,570.416666666667 -367.916666666667,507.916666666667 -360.416666666667,505.416666666667 -316.25,517.916666666667 -315.416666666667,512.916666666667 -187.083333333333,316.25 -195.416666666667),(320.416666666667 -322.083333333333,322.083333333333 -372.083333333333,500.416666666667 -372.916666666667,500.416666666667 -318.75,320.416666666667 -322.083333333333),(323.75 -289.583333333333,326.25 -312.083333333333,512.083333333333 -307.916666666667,510.416666666667 -287.916666666667,323.75 -289.583333333333)))",,L704
