WKT,id,name
"MULTIPOLYGON (((263.930197232345 -592.739758195591,288.266312718402 -460.957396978643,302.500644417793 -404.938414161682,324.081727962032 -297.032996440488,339.23440364203 -224.024649982318,344.744467525665 -223.565477992015,359.897143205663 -230.453057846559,364.488863108692 -229.993885856256,375.968162866266 -229.534713865953,387.906634614143 -232.748917798074,409.487718158382 -236.422293720498,444.843961411709 -241.47318561383,497.189568306246 -250.656625419889,510.964728015335 -250.656625419889,512.801415976547 -255.707517313222,508.66886806382 -277.288600857461,500.403772238367 -311.267328139879,493.05702039352 -355.807011199266,482.036892626249 -406.775102122894,472.394280829887 -454.069817124099,459.537465101404 -511.925487902271,439.333897528074 -621.208421594374,414.079438061411 -617.075873681648,375.968162866266 -612.024981788315,324.081727962032 -604.678229943468,263.930197232345 -592.739758195591)))",,3J02
