WKT,id,Name
"MULTIPOLYGON (((237.545454545454 -386.931818181818,296.727272727273 -386.931818181818,293.863636363636 -308.659090909091,377.863636363636 -308.659090909091,372.136363636364 -332.522727272727,409.363636363636 -334.431818181818,413.181818181818 -314.386363636364,475.227272727273 -317.25,480.0 -452.795454545455,230.863636363636 -448.977272727273,230.863636363636 -448.977272727273,237.545454545454 -386.931818181818)))",,4J01
