WKT,id,Name
"MULTIPOLYGON (((345.409090909091 -341.113636363636,366.409090909091 -338.25,351.136363636364 -290.522727272727,388.363636363636 -281.931818181818,393.136363636364 -298.159090909091,375.0 -301.977272727273,386.454545454545 -334.431818181818,395.045454545454 -334.431818181818,408.409090909091 -377.386363636364,404.590909090909 -381.204545454545,400.772727272727 -381.204545454545,396.0 -382.159090909091,394.090909090909 -385.022727272727,394.090909090909 -387.886363636364,395.045454545454 -393.613636363636,395.045454545454 -393.613636363636,360.681818181818 -401.25,345.409090909091 -341.113636363636)))",,G2567
"MULTIPOLYGON (((411.272727272727 -320.113636363636,425.590909090909 -316.295454545455,425.590909090909 -318.681818181818,425.590909090909 -318.681818181818,426.068181818182 -319.636363636364,427.5 -321.068181818182,432.272727272727 -324.409090909091,433.227272727273 -324.409090909091,433.227272727273 -324.409090909091,438.477272727273 -349.227272727273,420.818181818182 -354.477272727273,411.272727272727 -320.113636363636)))",,G2567
