WKT,id,Name
"MULTIPOLYGON (((380.416666666666 -156.25,337.083333333333 -436.25,231.25 -418.75,220.416666666666 -490.416666666667,336.25 -510.416666666667,332.083333333333 -526.25,232.916666666666 -517.916666666667,232.083333333333 -531.25,263.75 -534.583333333333,262.083333333333 -558.75,338.75 -570.416666666667,337.916666666666 -562.083333333333,340.416666666666 -557.916666666667,347.916666666666 -554.583333333333,349.583333333333 -554.583333333333,354.583333333333 -554.583333333333,357.916666666666 -554.583333333333,363.75 -531.25,407.083333333333 -540.416666666667,409.583333333333 -517.083333333333,509.583333333333 -531.25,507.083333333333 -543.75,531.25 -547.083333333333,532.916666666666 -536.25,590.416666666666 -542.083333333333,588.75 -559.583333333333,633.75 -564.583333333333,636.25 -550.416666666667,679.583333333333 -557.916666666667,679.583333333333 -571.25,679.583333333333 -580.416666666667,713.75 -585.416666666667,723.75 -517.083333333333,690.416666666666 -513.75,692.083333333333 -491.25,650.416666666666 -485.416666666667,646.25 -509.583333333333,599.583333333333 -502.916666666667,598.75 -477.083333333333,581.25 -473.75,577.083333333333 -496.25,553.75 -493.75,556.25 -472.083333333333,492.083333333333 -461.25,493.75 -442.083333333333,514.583333333333 -442.916666666667,514.583333333333 -419.583333333333,512.916666666666 -416.25,508.75 -415.416666666667,503.75 -410.416666666667,504.583333333333 -405.416666666667,510.416666666666 -400.416666666667,517.083333333333 -397.916666666667,526.25 -397.083333333333,548.75 -176.25,380.416666666666 -156.25),(343.75 -421.25,337.916666666666 -458.75,372.916666666666 -464.583333333333,376.25 -444.583333333333,467.083333333333 -454.583333333333,473.75 -439.583333333333,343.75 -421.25)))",,G2578
