WKT,id,Name
"MULTIPOLYGON (((377.386363636364 -316.534090909091,362.352272727273 -347.556818181818,364.022727272727 -348.75,356.386363636364 -363.068181818182,353.045454545454 -364.738636363636,338.25 -398.863636363636,390.034090909091 -420.340909090909,405.306818181818 -385.5,399.579545454545 -382.636363636364,402.681818181818 -374.045454545454,407.454545454545 -375.238636363636,402.920454545454 -367.363636363636,377.147727272727 -354.954545454545,378.818181818182 -351.852272727273,366.647727272727 -345.170454545454,370.704545454545 -338.25,415.806818181818 -359.25,423.920454545454 -340.397727272727,377.386363636364 -316.534090909091),(364.738636363636 -350.897727272727,359.488636363636 -362.590909090909,370.943181818182 -368.556818181818,375.954545454545 -356.147727272727,364.738636363636 -350.897727272727)))",,G2653
