WKT,id,Name
"MULTIPOLYGON (((326.795454545455 -354,325.363636363636 -393.136363636364,326.795454545455 -396.477272727273,344.931818181818 -397.909090909091,344.454545454545 -401.727272727273,387.409090909091 -402.204545454545,389.318181818182 -392.181818181818,416.045454545455 -393.136363636364,421.772727272727 -321.545454545455,378.340909090909 -319.159090909091,367.840909090909 -354.477272727273,326.795454545455 -354),(347.556818181818 -358.056818181818,352.806818181818 -358.295454545455,353.045454545455 -393.852272727273,343.261363636364 -393.613636363636,347.556818181818 -358.056818181818)))",,G2712
