WKT,id,Name
"MULTIPOLYGON (((330.235927152318 -357.833195364239,349.141142384106 -357.615894039735,348.923841059602 -400.858857615894,330.887831125827 -399.772350993378,330.235927152318 -357.833195364239)))",,G2828
"MULTIPOLYGON (((359.354304635761 -353.487168874172,404.335678807947 -353.487168874172,405.639486754967 -381.953642384106,413.027731788079 -381.736341059603,413.245033112582 -396.947433774835,391.080298013245 -397.164735099338,390.862996688741 -400.206953642384,377.173013245033 -399.989652317881,376.738410596026 -395.860927152318,358.702400662251 -394.557119205298,359.354304635761 -353.487168874172)))",,G2828
