WKT,id,Name
"MULTIPOLYGON (((381.084437086093 -319.370860927152,328.932119205298 -408.899006622517,336.754966887417 -414.548841059603,325.889900662252 -434.105960264901,316.763245033112 -431.063741721854,315.894039735099 -434.975165562914,361.527317880795 -458.443708609272,378.911423841059 -421.937086092715,371.957781456954 -417.591059602649,378.042218543046 -407.595198675497,386.734271523179 -411.941225165563,425.848509933775 -341.970198675497,381.084437086093 -319.370860927152)))",,G874
