WKT,id,Name
"MULTIPOLYGON (((357.236842105263 -290.836466165414,316.635338345865 -391.917293233083,457.894736842105 -455.78007518797,469.736842105263 -445.206766917293,443.937969924812 -428.28947368421,462.96992481203 -373.731203007519,471.851503759398 -374.577067669173,485.808270676692 -344.548872180451,481.578947368421 -325.516917293233,460.00939849624 -309.445488721805,443.092105263158 -353.853383458647,409.680451127819 -342.434210526316,418.984962406015 -310.714285714286,357.236842105263 -290.836466165414)))",,H006
