WKT,id,Name
"MULTIPOLYGON (((434.181818181818 -206.522727272727,251.863636363636 -420.340909090909,257.590909090909 -428.931818181818,259.5 -428.931818181818,264.272727272727 -433.704545454545,264.272727272727 -441.340909090909,264.272727272727 -445.159090909091,264.272727272727 -448.022727272727,274.772727272727 -452.795454545455,286.227272727273 -460.431818181818,292.909090909091 -466.159090909091,294.818181818182 -468.068181818182,297.681818181818 -469.977272727273,301.5 -471.886363636364,308.181818181818 -473.795454545455,312.954545454545 -474.75,316.772727272727 -476.659090909091,319.636363636364 -478.568181818182,326.318181818182 -482.386363636364,331.090909090909 -485.25,337.772727272727 -490.022727272727,339.681818181818 -491.931818181818,342.545454545454 -494.795454545455,347.318181818182 -496.704545454545,431.318181818182 -396.477272727273,423.681818181818 -393.613636363636,441.818181818182 -366.886363636364,456.136363636364 -372.613636363636,514.363636363636 -292.431818181818,521.045454545454 -275.25,522.954545454545 -270.477272727273,522.954545454545 -262.840909090909,520.090909090909 -257.113636363636,434.181818181818 -206.522727272727),(451.840909090909 -226.568181818182,448.977272727273 -231.818181818182,446.113636363636 -231.818181818182,444.204545454545 -231.818181818182,438.477272727273 -236.113636363636,434.181818181818 -237.545454545455,433.227272727273 -240.886363636364,434.659090909091 -244.227272727273,438.0 -247.090909090909,440.386363636364 -249.477272727273,445.636363636364 -252.818181818182,450.409090909091 -252.818181818182,449.454545454545 -250.431818181818,448.5 -245.181818181818,448.5 -241.363636363636,450.886363636364 -238.022727272727,450.886363636364 -236.590909090909,457.090909090909 -236.590909090909,459.0 -237.545454545455,461.863636363636 -239.454545454545,465.681818181818 -236.113636363636,466.159090909091 -234.204545454545,465.204545454545 -232.772727272727,451.840909090909 -226.568181818182)))",,H122
