WKT,id,Name
"MULTIPOLYGON (((215.590909090909 -469.977272727273,259.5 -519.613636363636,379.772727272727 -436.568181818182,406.5 -460.431818181818,452.318181818182 -424.159090909091,433.227272727273 -407.931818181818,453.272727272727 -392.659090909091,438.0 -376.431818181818,543.954545454545 -300.068181818182,510.545454545454 -246.613636363636,441.818181818182 -297.204545454545,432.272727272727 -280.022727272727,419.863636363636 -276.204545454545,299.590909090909 -366.886363636364,318.681818181818 -389.795454545455,215.590909090909 -469.977272727273)))",,H141
