WKT,id,Name
"MULTIPOLYGON (((293.408505154639 -258.904639175258,291.784793814433 -268.646907216495,281.230670103093 -264.587628865979,273.923969072165 -290.567010309278,278.795103092783 -306.80412371134,296.655927835052 -316.546391752577,314.516752577319 -312.487113402062,304.774484536082 -344.961340206186,295.032216494845 -344.149484536082,280.41881443299 -383.930412371134,298.279639175258 -428.582474226804,428.176546391752 -478.917525773196,476.076030927835 -353.89175257732,466.333762886598 -350.644329896907,479.323453608247 -330.34793814433,375.405927835052 -290.567010309278,372.970360824742 -300.309278350515,358.356958762887 -297.873711340206,363.228092783505 -286.507731958763,293.408505154639 -258.904639175258)))",,H2769
