WKT,id,Name
"MULTIPOLYGON (((267.42912371134 -441.978092783505,298.685567010309 -452.126288659794,296.655927835051 -461.462628865979,265.805412371134 -452.126288659794,267.42912371134 -441.978092783505)))",,H2765-1
"MULTIPOLYGON (((148.898195876289 -418.028350515464,188.67912371134 -250.786082474227,275.547680412371 -271.082474226804,269.864690721649 -288.943298969072,272.300257731959 -293.814432989691,271.488402061856 -303.556701030928,278.795103092783 -306.80412371134,356.73324742268 -325.476804123711,349.426546391752 -370.128865979381,410.315721649485 -382.306701030928,405.444587628866 -405.850515463918,521.539948453608 -433.453608247423,529.658505154639 -410.721649484536,619.774484536082 -431.829896907216,607.596649484536 -486.224226804124,556.449742268041 -474.85824742268,554.826030927835 -485.412371134021,520.728092783505 -477.29381443299,512.609536082474 -504.085051546392,367.287371134021 -467.551546391753,359.980670103093 -440.760309278351,332.377577319588 -434.265463917526,325.07087628866 -440.760309278351,320.199742268041 -440.760309278351,316.140463917526 -431.829896907216,303.962628865979 -427.770618556701,299.091494845361 -440.760309278351,264.181701030928 -431.018041237113,273.923969072165 -374.188144329897,356.73324742268 -393.672680412371,359.16881443299 -383.930412371134,268.240979381443 -358.762886597938,263.369845360825 -342.525773195876,224.400773195876 -334.407216494845,203.292525773196 -433.453608247423,165.947164948454 -426.146907216495,162.699742268041 -421.275773195876,148.898195876289 -418.028350515464)))",,H2765
