WKT,id,Name
"MULTIPOLYGON (((322.63530927835 -308.021907216495,358.762886597938 -288.131443298969,439.542525773196 -424.92912371134,416.810567010309 -441.166237113402,395.702319587629 -403.82087628866,383.524484536082 -409.503865979381,379.871134020618 -408.692010309278,322.63530927835 -308.021907216495)))",,H2840
