WKT,id,Name
"MULTIPOLYGON (((313.721026490066 -347.620033112583,333.712748344371 -301.117549668874,470.612582781457 -361.092715231788,424.110099337748 -448.013245033113,298.944536423841 -391.514900662252,313.721026490066 -347.620033112583)))",,H289
"MULTIPOLYGON (((134.230132450331 -290.252483443709,165.521523178808 -300.682947019868,165.956125827814 -301.117549668874,164.652317880795 -301.986754966888,164.217715231788 -303.290562913907,163.783112582781 -303.290562913907,163.783112582781 -304.159768211921,161.175496688742 -308.07119205298,159.871688741722 -311.548013245033,159.871688741722 -313.721026490066,159.871688741722 -316.763245033113,162.913907284768 -318.067052980133,162.479304635761 -321.109271523179,160.740894039735 -323.282284768212,160.740894039735 -325.889900662252,158.567880794702 -329.801324503311,156.829470198675 -329.801324503311,153.787251655629 -329.801324503311,151.179635761589 -329.801324503311,149.006622516556 -328.497516556291,147.702814569536 -328.062913907285,146.399006622516 -327.628311258278,144.66059602649 -327.628311258278,143.791390728477 -327.193708609272,141.618377483444 -326.324503311258,138.576158940397 -325.889900662252,137.706953642384 -325.889900662252,133.795529801324 -326.759105960265,132.057119205298 -328.497516556291,132.057119205298 -329.366721854305,131.187913907285 -330.670529801325,118.584437086093 -325.020695364239,134.230132450331 -290.252483443709)))",,H289
