WKT,id,Name
"MULTIPOLYGON (((315.894039735099 -333.712748344371,325.455298013245 -333.278145695364,327.628311258278 -332.408940397351,330.670529801325 -329.366721854305,331.974337748344 -327.193708609271,332.843543046358 -325.889900662252,333.278145695364 -325.455298013245,336.320364238411 -325.455298013245,339.797185430464 -324.586092715232,342.83940397351 -324.586092715232,346.316225165563 -324.586092715232,349.793046357616 -324.586092715232,349.793046357616 -324.586092715232,363.700331125828 -324.586092715232,358.919701986755 -282.429635761589,424.979304635762 -287.644867549669,432.802152317881 -449.317052980132,432.802152317881 -454.097682119205,432.802152317881 -457.139900662252,432.802152317881 -457.574503311258,431.498344370861 -458.878311258278,429.759933774834 -459.312913907285,427.586920529801 -460.182119205298,424.979304635762 -461.485927152318,422.371688741722 -461.485927152318,421.067880794702 -461.485927152318,416.721854304636 -461.051324503311,414.548841059603 -461.051324503311,412.37582781457 -461.051324503311,408.46440397351 -461.051324503311,407.16059602649 -461.051324503311,403.24917218543 -461.051324503311,401.076158940397 -460.182119205298,399.337748344371 -460.182119205298,395.426324503311 -461.920529801324,373.261589403974 -465.397350993377,368.046357615894 -470.17798013245,368.915562913907 -472.350993377483,368.915562913907 -474.524006622516,368.915562913907 -475.827814569536,368.915562913907 -478.435430463576,368.915562913907 -479.304635761589,368.480960264901 -481.043046357616,366.307947019868 -482.781456953642,364.134933774834 -482.781456953642,359.354304635762 -482.781456953642,358.050496688742 -482.346854304636,354.573675496689 -481.477649006622,353.269867549669 -481.477649006622,350.227649006623 -480.608443708609,348.054635761589 -480.608443708609,344.577814569536 -481.043046357616,343.708609271523 -481.043046357616,342.404801324503 -481.043046357616,341.100993377483 -481.043046357616,336.754966887417 -407.16059602649,335.016556291391 -404.55298013245,334.581953642384 -404.55298013245,330.670529801325 -404.55298013245,327.628311258278 -405.422185430464,325.455298013245 -405.422185430464,324.151490066225 -405.422185430464,322.413079470199 -405.422185430464,315.894039735099 -333.712748344371)))",,H330
