WKT,id,Name
"MULTIPOLYGON (((301.552152317881 -329.801324503311,288.514072847682 -405.422185430464,444.101821192053 -421.937086092715,458.878311258278 -355.008278145695,417.156456953642 -346.316225165563,420.633278145695 -314.155629139073,363.265728476821 -305.46357615894,355.442880794702 -335.016556291391,301.552152317881 -329.801324503311)))",,H391
