WKT,id,Name
"MULTIPOLYGON (((335.451158940397 -378.042218543046,322.847682119205 -403.249172185431,318.501655629139 -399.772350993378,312.417218543046 -405.85678807947,318.067052980132 -413.245033112583,314.155629139073 -418.025662251656,302.855960264901 -413.679635761589,295.033112582781 -419.764072847682,298.944536423841 -424.544701986755,304.159768211921 -423.675496688742,307.201986754967 -422.371688741722,314.155629139073 -422.806291390729,320.674668874172 -425.848509933775,323.716887417219 -429.325331125828,323.282284768212 -434.540562913907,318.936258278146 -440.625,316.763245033113 -444.53642384106,354.139072847682 -467.570364238411,364.134933774834 -453.663079470199,384.126655629139 -462.789735099338,391.514900662252 -451.924668874172,391.080298013245 -451.055463576159,388.038079470199 -447.578642384106,388.038079470199 -444.101821192053,391.080298013245 -441.494205298013,394.122516556291 -437.582781456954,397.164735099338 -433.671357615894,401.076158940397 -429.759933774835,404.118377483444 -424.979304635762,411.506622516556 -414.983443708609,416.721854304636 -412.37582781457,426.283112582781 -421.502483443709,431.932947019868 -413.245033112583,405.422185430464 -397.164735099338,393.687913907285 -407.16059602649,390.211092715232 -405.85678807947,387.168874172185 -403.683774834437,385.865066225166 -402.814569536424,386.299668874172 -399.337748344371,388.472682119205 -395.860927152318,388.038079470199 -392.818708609272,384.561258278146 -391.080298013245,378.91142384106 -391.080298013245,375.434602649007 -394.122516556291,371.957781456954 -394.122516556291,369.78476821192 -391.949503311258,369.78476821192 -389.341887417219,368.915562913907 -387.603476821192,367.611754966887 -386.734271523179,361.092715231788 -384.561258278146,358.485099337748 -382.388245033113,358.050496688742 -379.346026490066,358.050496688742 -376.30380794702,358.050496688742 -374.565397350993,357.181291390728 -372.826986754967,354.573675496689 -370.219370860927,349.793046357616 -370.219370860927,345.881622516556 -370.653973509934,340.666390728477 -370.653973509934,335.016556291391 -374.130794701987,332.843543046358 -377.60761589404,335.451158940397 -378.042218543046)))",,H553
