WKT,id,Name
"MULTIPOLYGON (((348.054635761589 -317.632450331126,347.620033112583 -334.581953642384,359.354304635762 -337.624172185431,360.223509933775 -360.223509933775,372.826986754967 -360.223509933775,374.565397350993 -381.084437086093,369.784768211921 -380.649834437086,369.350165562914 -398.033940397351,434.975165562914 -398.903145695364,434.540562913907 -338.058774834437,434.105960264901 -329.366721854305,433.236754966887 -326.759105960265,431.932947019868 -323.282284768212,430.194536423841 -320.674668874172,428.456125827815 -318.501655629139,426.283112582781 -317.197847682119,422.806291390728 -315.459437086093,348.054635761589 -317.632450331126),(366.307947019868 -338.493377483444,367.611754966887 -344.577814569536,371.957781456954 -344.577814569536,372.39238410596 -338.058774834437,366.307947019868 -338.493377483444)))",,H585
