WKT,id,Name
"MULTIPOLYGON (((304.159768211921 -362.396523178808,361.092715231788 -420.198675496689,368.480960264901 -414.548841059603,395.426324503311 -434.975165562914,455.836092715232 -376.738410596026,403.24917218543 -336.320364238411,411.941225165563 -327.193708609272,391.514900662252 -307.636589403974,382.822847682119 -315.459437086093,370.653973509934 -303.725165562914,304.159768211921 -362.396523178808)))",,H612
