WKT,id,Name
"MULTIPOLYGON (((297.083333333333 -331.666666666667,306.666666666667 -381.25,315.416666666667 -382.916666666667,330.0 -450.0,482.5 -420.833333333333,486.25 -416.25,486.25 -412.083333333333,486.25 -409.166666666667,485.0 -405.416666666667,483.333333333333 -400.833333333333,481.666666666667 -394.583333333333,480.416666666667 -391.666666666667,481.25 -387.083333333333,518.333333333333 -379.583333333333,518.75 -378.333333333333,519.166666666667 -373.75,519.166666666667 -369.166666666667,518.75 -365.0,517.916666666667 -362.083333333333,516.25 -358.75,515.833333333333 -356.666666666667,514.583333333333 -350.833333333333,514.166666666667 -345.416666666667,512.083333333333 -338.75,510.416666666667 -334.166666666667,507.916666666667 -326.25,504.583333333333 -317.916666666667,502.5 -312.083333333333,496.666666666667 -307.916666666667,466.666666666667 -316.25,472.5 -327.916666666667,431.666666666667 -335.416666666667,432.916666666667 -348.333333333333,402.5 -353.75,397.083333333333 -335.833333333333,392.083333333333 -328.75,386.25 -327.5,386.25 -317.916666666667,386.25 -312.916666666667,385.416666666667 -309.166666666667,297.083333333333 -331.666666666667)))",,H616
