WKT,id,Name
"MULTIPOLYGON (((321.25 -325.0,313.333333333333 -344.583333333333,325.0 -350.416666666667,312.5 -382.083333333333,324.166666666667 -387.916666666667,322.916666666667 -392.5,320.416666666667 -395.416666666667,327.083333333333 -397.083333333333,328.333333333333 -390.416666666667,350.0 -398.333333333333,347.5 -405.833333333333,358.75 -410.0,360.0 -403.75,398.333333333333 -420.416666666667,397.083333333333 -425.0,400.833333333333 -427.5,402.083333333333 -423.333333333333,412.083333333333 -425.416666666667,408.75 -433.333333333333,417.5 -437.083333333333,447.083333333333 -376.666666666667,442.5 -375.833333333333,441.25 -381.666666666667,438.75 -383.333333333333,436.666666666667 -385.0,436.25 -386.666666666667,435.416666666667 -387.5,430.0 -387.916666666667,429.166666666667 -386.25,430.416666666667 -378.333333333333,432.083333333333 -375.416666666667,432.5 -373.333333333333,428.75 -372.083333333333,420.416666666667 -370.416666666667,418.333333333333 -369.166666666667,414.583333333333 -367.5,408.333333333333 -372.5,407.083333333333 -370.833333333333,399.166666666667 -367.5,405.416666666667 -359.583333333333,386.666666666667 -352.083333333333,384.583333333333 -354.583333333333,384.583333333333 -355.416666666667,382.083333333333 -356.25,379.166666666667 -357.5,374.583333333333 -356.666666666667,371.666666666667 -355.416666666667,367.083333333333 -354.583333333333,364.583333333333 -353.75,363.333333333333 -349.583333333333,363.333333333333 -347.5,364.166666666667 -346.666666666667,369.166666666667 -346.666666666667,372.5 -348.333333333333,374.583333333333 -349.583333333333,376.25 -349.166666666667,377.083333333333 -346.25,388.75 -327.083333333333,380.833333333333 -324.583333333333,383.333333333333 -309.166666666667,358.333333333333 -297.083333333333,348.333333333333 -307.5,337.916666666667 -305.416666666667,336.666666666667 -314.166666666667,330.0 -310.833333333333,321.25 -325.0)))",,H755
