WKT,id,Name
"MULTIPOLYGON (((291.041666666667 -339.166666666667,320.208333333333 -334.583333333333,321.875 -337.916666666667,317.291666666667 -340.0,319.375 -350.833333333333,336.875 -348.333333333333,327.708333333333 -312.083333333333,337.708333333333 -311.25,343.958333333333 -337.5,395.625 -324.166666666667,420.625 -390.0,419.791666666667 -393.333333333333,418.958333333333 -394.166666666667,415.625 -396.666666666667,411.875 -396.666666666667,406.458333333333 -397.083333333333,401.875 -397.083333333333,400.625 -402.916666666667,401.458333333333 -405.833333333333,402.291666666667 -410.416666666667,404.375 -416.666666666667,413.541666666667 -415.0,415.208333333333 -421.25,372.708333333333 -434.166666666667,371.875 -428.75,385.208333333333 -424.583333333333,382.708333333333 -415.416666666667,359.375 -421.666666666667,350.208333333333 -425.416666666667,348.541666666667 -415.833333333333,314.791666666667 -420.416666666667,291.041666666667 -339.166666666667),(330.729166666667 -350.104166666667,333.854166666667 -350.3125,346.979166666667 -414.895833333333,343.229166666667 -415.520833333333,330.729166666667 -350.104166666667),(384.0625 -417.1875,386.145833333333 -423.4375,403.4375 -416.770833333333,402.604166666667 -411.979166666667,384.0625 -417.1875)))",,H902
