WKT,id,name
"MULTIPOLYGON (((336.936090225564 -495.535714285714,396.146616541353 -476.080827067669,402.913533834586 -469.313909774436,415.601503759398 -465.084586466165,405.451127819549 -432.941729323308,385.15037593985 -434.633458646617,372.462406015038 -432.941729323308,364.84962406015 -412.640977443609,337.781954887218 -342.434210526316,314.943609022556 -268.843984962406,295.488721804511 -207.095864661654,283.646616541353 -171.56954887218,270.958646616541 -138.580827067669,266.729323308271 -118.28007518797,276.033834586466 -108.975563909774,311.56015037594 -99.6710526315789,352.161654135338 -88.6748120300752,393.609022556391 -75.140977443609,422.368421052632 -68.3740601503759,457.048872180451 -175.798872180451,504.417293233083 -314.520676691729,535.714285714286 -411.795112781955,561.09022556391 -493.843984962406,574.624060150376 -531.907894736842,579.699248120301 -547.133458646617,576.315789473684 -555.592105263158,523.872180451128 -564.896616541353,450.281954887218 -589.426691729323,428.289473684211 -599.577067669173,391.071428571429 -607.18984962406,407.988721804511 -664.708646616541,411.372180451128 -679.934210526316,402.913533834586 -696.005639097744,380.921052631579 -703.618421052632,335.244360902256 -718.843984962406,307.330827067669 -723.073308270677,281.109022556391 -633.411654135338,248.966165413534 -541.212406015038,226.973684210526 -476.080827067669,208.364661654135 -420.253759398496,199.06015037594 -389.802631578947,196.522556390977 -374.577067669173,220.206766917293 -366.964285714286,239.661654135338 -361.889097744361,265.037593984962 -355.968045112782,277.725563909774 -352.584586466165,286.184210526316 -350.892857142857,297.18045112782 -373.731203007519,336.936090225564 -495.535714285714)))",,J180
