WKT,id,name
"MULTIPOLYGON (((89.0977443609021 -418.984962406015,184.680451127819 -369.078947368421,263.345864661654 -324.248120300752,298.872180451128 -306.484962406015,312.406015037594 -302.255639097744,351.315789473684 -279.417293233083,345.394736842105 -260.808270676692,361.466165413534 -249.812030075188,352.161654135338 -227.819548872181,433.364661654135 -186.372180451128,481.578947368421 -160.996240601504,517.105263157895 -149.154135338346,526.40977443609 -164.37969924812,533.176691729323 -175.375939849624,534.022556390978 -180.451127819549,506.954887218045 -197.368421052632,496.804511278196 -204.135338345865,503.571428571429 -219.360902255639,494.266917293233 -235.432330827068,510.338345864662 -252.34962406015,517.105263157895 -264.191729323308,528.947368421053 -273.496240601504,530.639097744361 -281.109022556391,517.105263157895 -288.721804511278,522.18045112782 -298.872180451128,532.330827067669 -298.872180451128,540.789473684211 -298.872180451128,546.71052631579 -309.022556390978,561.09022556391 -317.481203007519,571.24060150376 -331.860902255639,578.007518796993 -352.161654135338,505.263157894737 -394.454887218045,499.342105263158 -394.454887218045,467.199248120301 -414.755639097745,452.819548872181 -400.375939849624,408.834586466165 -420.676691729323,394.454887218045 -397.838345864662,369.078947368421 -407.142857142857,341.165413533835 -424.906015037594,320.018796992481 -440.131578947369,320.018796992481 -451.973684210526,327.631578947368 -467.199248120301,330.169172932331 -475.657894736842,320.864661654135 -486.654135338346,303.947368421053 -490.883458646617,293.796992481203 -501.87969924812,273.496240601504 -513.721804511278,238.815789473684 -531.484962406015,203.28947368421 -549.248120300752,187.218045112782 -524.718045112782,166.917293233083 -517.105263157895,152.537593984962 -510.338345864662,131.390977443609 -495.112781954887,89.0977443609021 -418.984962406015)))",,J5250
