WKT,id,name
"MULTIPOLYGON (((495.958646616541 -563.204887218045,474.812030075188 -584.351503759398,462.96992481203 -576.738721804511,440.977443609023 -558.975563909774,416.447368421053 -580.968045112782,408.834586466165 -575.892857142857,399.53007518797 -564.050751879699,373.308270676692 -542.058270676692,338.627819548872 -514.990601503759,309.868421052632 -489.614661654135,276.87969924812 -460.009398496241,251.503759398496 -432.941729323308,236.278195488722 -416.024436090226,258.270676691729 -398.261278195489,251.503759398496 -388.956766917293,229.511278195489 -366.964285714286,256.578947368421 -336.513157894737,298.026315789474 -289.990601503759,339.473684210526 -241.776315789474,393.609022556391 -189.332706766917,448.59022556391 -241.776315789474,470.582706766917 -263.768796992481,431.672932330827 -303.524436090226,364.84962406015 -385.573308270677,392.763157894737 -406.71992481203,402.067669172932 -396.56954887218,421.522556390977 -379.652255639098,434.210526315789 -371.193609022556,457.894736842105 -346.663533834586,496.804511278195 -300.986842105263,523.872180451128 -312.828947368421,578.853383458647 -366.118421052632,557.706766917293 -389.802631578947,522.18045112782 -423.637218045113,494.266917293233 -449.859022556391,483.270676691729 -461.701127819549,462.96992481203 -472.697368421053,431.672932330827 -440.554511278195,418.139097744361 -454.088345864662,407.142857142857 -469.313909774436,421.522556390977 -481.156015037594,442.669172932331 -503.994360902256,466.353383458647 -527.678571428571,495.958646616541 -563.204887218045)))",,J2874
