WKT,id,name
"MULTIPOLYGON (((290.413533834586 -182.565789473684,369.078947368421 -205.404135338346,418.139097744361 -218.937969924812,477.34962406015 -234.163533834586,525.563909774436 -245.15977443609,568.703007518797 -256.156015037594,610.996240601504 -267.152255639098,622.838345864662 -270.535714285714,626.221804511278 -277.302631578947,611.842105263158 -323.825187969925,600.845864661654 -375.422932330827,578.007518796992 -372.039473684211,519.642857142857 -359.351503759398,462.96992481203 -348.355263157895,451.127819548872 -347.509398496241,434.210526315789 -359.351503759398,428.289473684211 -416.024436090226,421.522556390977 -487.077067669173,409.68045112782 -558.12969924812,407.142857142857 -611.419172932331,403.759398496241 -635.949248120301,398.684210526316 -646.09962406015,380.921052631579 -646.945488721805,357.236842105263 -643.562030075188,332.706766917293 -634.257518796992,318.327067669173 -624.107142857143,320.018796992481 -564.896616541353,334.398496240602 -499.765037593985,335.244360902256 -445.62969924812,342.011278195489 -391.494360902256,350.46992481203 -366.964285714286,353.853383458647 -337.359022556391,350.46992481203 -317.904135338346,336.09022556391 -310.291353383459,320.864661654135 -306.062030075188,309.868421052632 -306.062030075188,296.334586466165 -305.216165413534,287.03007518797 -303.524436090226,276.033834586466 -300.140977443609,264.191729323308 -295.911654135338,263.345864661654 -289.144736842105,276.87969924812 -233.317669172932,290.413533834586 -182.565789473684)))",,J357
