WKT,id,name
"MULTIPOLYGON (((541.635338345865 -187.640977443609,531.484962406015 -249.389097744361,524.718045112782 -309.445488721805,517.105263157895 -342.434210526316,488.345864661654 -339.050751879699,446.052631578947 -338.204887218045,446.052631578947 -357.65977443609,423.214285714286 -361.889097744361,421.522556390977 -377.960526315789,418.984962406015 -404.182330827068,413.90977443609 -445.62969924812,407.988721804511 -460.855263157895,406.296992481203 -471.851503759398,400.375939849624 -476.080827067669,385.15037593985 -474.389097744361,376.691729323308 -473.543233082707,369.078947368421 -476.080827067669,362.312030075188 -487.077067669173,355.545112781955 -535.291353383459,346.240601503759 -597.039473684211,342.011278195489 -608.881578947368,296.334586466165 -608.881578947368,245.582706766917 -602.960526315789,262.5 -474.389097744361,281.109022556391 -375.422932330827,292.951127819549 -275.610902255639,303.947368421053 -212.171052631579,309.868421052632 -163.956766917293,314.097744360902 -159.727443609023,378.383458646616 -164.802631578947,440.977443609022 -173.261278195489,541.635338345865 -187.640977443609)))",,J373
