WKT,id,Name
"MULTIPOLYGON (((267.083333333333 -306.25,271.25 -422.083333333333,272.916666666667 -512.083333333333,366.25 -512.083333333333,361.25 -362.916666666667,399.583333333333 -358.75,398.75 -356.25,401.25 -350.416666666667,407.916666666667 -345.416666666667,412.916666666667 -343.75,424.583333333333 -343.75,433.75 -343.75,449.583333333333 -342.916666666667,579.583333333333 -337.083333333333,577.083333333333 -274.583333333333,549.583333333333 -274.583333333333,546.25 -246.25,542.916666666667 -215.416666666667,399.583333333333 -219.583333333333,377.083333333333 -252.083333333333,368.75 -271.25,363.75 -271.25,354.583333333333 -269.583333333333,267.083333333333 -268.75,267.083333333333 -306.25),(276.25 -430.416666666667,277.083333333333 -497.916666666667,290.416666666667 -496.25,287.916666666667 -429.583333333333,276.25 -430.416666666667),(313.75 -433.75,314.583333333333 -496.25,340.416666666667 -495.416666666667,313.75 -433.75),(347.916666666667 -434.583333333333,346.25 -494.583333333333,357.083333333333 -495.416666666667,357.083333333333 -434.583333333333,347.916666666667 -434.583333333333),(267.916666666667 -276.25,268.75 -291.25,327.083333333333 -292.916666666667,329.583333333333 -282.916666666667,347.916666666667 -282.083333333333,347.083333333333 -271.25,267.916666666667 -276.25)))",,J430
