WKT,id,name
"MULTIPOLYGON (((289.567669172932 -478.618421052631,287.875939849624 -362.734962406015,306.907894736842 -360.620300751879,389.802631578947 -363.157894736842,391.071428571428 -344.548872180451,415.601503759398 -344.548872180451,416.447368421053 -332.706766917293,463.392857142857 -335.667293233082,468.045112781955 -344.971804511278,462.96992481203 -364.003759398496,495.958646616541 -366.541353383458,528.101503759398 -369.078947368421,531.484962406015 -369.924812030075,533.176691729323 -383.035714285714,531.484962406015 -431.25,528.524436090225 -483.270676691729,508.646616541353 -482.001879699248,488.768796992481 -479.464285714285,464.238721804511 -480.733082706767,390.225563909774 -480.31015037594,289.567669172932 -478.618421052631)))",,J542
"MULTIPOLYGON (((248.966165413534 -317.481203007519,246.428571428571 -312.406015037594,246.005639097744 -293.796992481203,246.005639097744 -262.922932330827,248.12030075188 -234.586466165413,251.926691729323 -229.511278195489,262.922932330827 -226.973684210526,277.725563909774 -228.242481203007,300.140977443609 -228.242481203007,314.520676691729 -228.665413533834,334.398496240601 -227.81954887218,352.161654135338 -227.81954887218,364.84962406015 -226.127819548872,367.81015037594 -216.823308270676,372.03947368421 -207.941729323308,381.766917293233 -204.558270676692,392.34022556391 -206.25,406.71992481203 -206.672932330827,429.558270676692 -206.672932330827,449.013157894737 -206.672932330827,450.281954887218 -210.902255639098,449.436090225564 -224.013157894737,450.704887218045 -234.586466165413,450.704887218045 -243.468045112782,456.625939849624 -246.851503759398,456.203007518797 -252.34962406015,456.203007518797 -280.263157894737,449.436090225564 -306.484962406015,438.016917293233 -306.907894736842,421.09962406015 -308.176691729323,408.411654135338 -314.943609022556,394.031954887218 -315.366541353383,379.652255639098 -312.406015037594,356.813909774436 -312.406015037594,336.513157894737 -311.983082706767,327.208646616541 -314.943609022556,320.864661654135 -317.904135338346,294.21992481203 -319.595864661654,248.966165413534 -317.481203007519)))",,J542
