WKT,id,Name
"MULTIPOLYGON (((273.541666666667 -230.416666666667,361.041666666667 -234.166666666667,357.291666666667 -258.75,407.291666666667 -261.25,406.875 -247.5,431.875 -245.416666666667,425.208333333333 -327.916666666667,440.208333333333 -329.583333333333,438.958333333333 -442.083333333333,374.375 -436.666666666667,376.875 -383.333333333333,351.875 -381.25,351.458333333333 -419.166666666667,262.708333333333 -411.25,273.541666666667 -230.416666666667),(360.625 -297.5,356.041666666667 -321.666666666667,373.958333333333 -322.5,376.041666666667 -305.416666666667,376.041666666667 -302.916666666667,376.041666666667 -302.5,372.708333333333 -299.583333333333,370.625 -298.75,368.958333333333 -297.916666666667,366.041666666667 -297.5,364.375 -297.5,363.125 -297.5,361.458333333333 -297.5,360.625 -297.5),(359.791666666667 -331.25,359.791666666667 -333.75,358.958333333333 -335.416666666667,358.125 -337.083333333333,356.458333333333 -340.416666666667,356.458333333333 -343.333333333333,356.458333333333 -346.25,358.541666666667 -347.5,362.708333333333 -347.916666666667,368.541666666667 -348.75,373.125 -348.75,375.625 -347.916666666667,376.875 -345.416666666667,376.041666666667 -340.0,374.791666666667 -338.75,371.875 -337.916666666667,371.041666666667 -335.0,370.625 -332.5,368.958333333333 -330.833333333333,367.291666666667 -330.833333333333,359.791666666667 -331.25)))",,J629
"MULTIPOLYGON (((518.125 -332.5,609.791666666667 -346.666666666667,603.125 -398.333333333333,582.708333333333 -400.0,582.708333333333 -432.083333333333,601.458333333333 -432.916666666667,600.208333333333 -451.25,574.791666666667 -455.416666666667,572.708333333333 -539.583333333333,504.375 -535.0,518.125 -332.5)))",,J629
