WKT,id,Name
"MULTIPOLYGON (((389.583333333333 -333.75,377.916666666667 -359.583333333333,383.75 -364.583333333333,383.75 -368.75,380.416666666667 -372.916666666667,380.416666666667 -373.75,371.25 -374.583333333333,368.75 -374.583333333333,323.75 -446.25,496.25 -544.583333333333,557.083333333333 -430.416666666667,389.583333333333 -333.75)))",,J637
