WKT,id,Name
"MULTIPOLYGON (((212.083333333333 -190.416666666667,226.25 -236.25,268.75 -220.416666666667,306.25 -292.916666666667,349.583333333333 -275.416666666667,406.25 -377.916666666667,427.083333333333 -434.583333333333,426.25 -436.25,425.416666666667 -440.416666666667,425.416666666667 -442.083333333333,537.083333333333 -642.916666666667,607.916666666667 -611.25,498.75 -404.583333333333,467.916666666667 -361.25,470.416666666667 -357.083333333333,470.416666666667 -353.75,470.416666666667 -348.75,352.083333333333 -132.083333333333,347.083333333333 -127.916666666667,337.916666666667 -125.416666666667,335.416666666667 -124.583333333333,319.583333333333 -122.916666666667,242.083333333333 -168.75,254.583333333333 -187.916666666667,212.083333333333 -190.416666666667),(412.916666666667 -386.25,423.75 -401.25,449.583333333333 -388.75,454.583333333333 -392.916666666667,458.75 -387.083333333333,453.75 -382.083333333333,451.25 -376.25,447.916666666667 -370.416666666667,445.416666666667 -369.583333333333,420.416666666667 -383.75,412.916666666667 -386.25),(431.25 -422.083333333333,435.416666666667 -417.083333333333,434.583333333333 -412.083333333333,428.75 -405.416666666667,423.75 -404.583333333333,426.25 -415.416666666667,429.583333333333 -418.75,431.25 -422.083333333333),(302.916666666667 -162.916666666667,319.583333333333 -155.416666666667,326.25 -173.75,314.583333333333 -182.916666666667,302.916666666667 -162.916666666667),(462.916666666667 -391.25,468.75 -402.083333333333,480.416666666667 -396.25,471.25 -382.083333333333,462.916666666667 -383.75,462.916666666667 -391.25),(468.958333333333 -374.375,472.708333333333 -381.25,475.416666666667 -380.208333333333,470.625 -372.708333333333,468.958333333333 -374.375),(269.6 -209.294444444445,273.066666666667 -214.783333333333,362.044444444444 -174.916666666667,355.977777777778 -167.983333333333,269.6 -209.294444444445)))",,J754
