WKT,id,name
"MULTIPOLYGON (((749.718045112782 -237.546992481203,745.488721804511 -440.554511278195,722.65037593985 -440.554511278195,683.740601503759 -438.862781954887,647.368421052632 -436.325187969925,643.139097744361 -475.234962406015,646.522556390978 -492.152255639098,676.127819548872 -503.148496240601,681.203007518797 -514.990601503759,681.203007518797 -576.738721804511,684.586466165414 -663.862781954887,682.894736842105 -694.313909774436,670.206766917293 -699.389097744361,612.687969924812 -696.851503759398,469.736842105263 -685.00939849624,354.699248120301 -675.704887218045,219.360902255639 -664.708646616541,93.327067669173 -658.787593984962,96.7105263157895 -612.265037593985,105.169172932331 -500.610902255639,113.627819548872 -427.020676691729,119.548872180451 -335.667293233083,126.315789473684 -224.013157894737,99.2481203007519 -214.708646616541,106.860902255639 -153.806390977443,188.063909774436 -163.110902255639,277.725563909774 -168.186090225564,338.627819548872 -171.56954887218,415.601503759399 -176.644736842105,492.575187969925 -184.257518796992,488.345864661654 -242.622180451128,544.172932330827 -246.851503759398,544.172932330827 -235.00939849624,556.860902255639 -232.471804511278,569.548872180451 -239.238721804511,580.545112781955 -242.622180451128,598.308270676692 -241.776315789474,624.53007518797 -238.392857142857,657.518796992481 -242.622180451128,670.206766917293 -255.31015037594,704.041353383459 -257.847744360902,709.962406015038 -245.15977443609,749.718045112782 -237.546992481203)))",,J828
