WKT,id,Name
"MULTIPOLYGON (((250.416666666667 -449.583333333333,304.583333333333 -439.583333333333,291.25 -362.083333333333,335.416666666667 -360.416666666667,356.25 -507.083333333333,474.583333333333 -498.75,453.75 -330.416666666667,544.583333333333 -320.416666666667,569.583333333333 -437.083333333333,477.916666666667 -451.25,482.916666666667 -505.416666666667,363.75 -521.25,375.416666666667 -592.083333333333,272.916666666667 -606.25,250.416666666667 -449.583333333333)))",,J854
