WKT,id,name
"MULTIPOLYGON (((321.287593984962 -62.875939849624,354.276315789474 -22.2744360902255,449.859022556391 -89.9436090225564,508.223684210526 -125.46992481203,506.531954887218 -138.157894736842,486.231203007519 -165.225563909774,523.449248120301 -196.522556390977,466.776315789474 -266.729323308271,446.475563909774 -289.567669172932,438.016917293233 -298.872180451128,435.479323308271 -311.56015037594,427.866541353383 -327.631578947368,407.565789473684 -350.46992481203,385.573308270677 -337.781954887218,370.347744360902 -353.853383458647,335.667293233083 -391.917293233083,306.062030075188 -433.364661654135,277.302631578947 -471.428571428571,259.53947368421 -487.5,246.851503759398 -485.808270676692,209.633458646616 -463.815789473684,196.09962406015 -448.59022556391,185.103383458647 -400.375939849624,223.167293233083 -359.774436090226,247.697368421053 -327.631578947368,283.223684210526 -279.417293233083,297.603383458647 -254.041353383459,323.825187969925 -221.898496240602,308.59962406015 -206.672932330827,350.892857142857 -144.924812030075,378.806390977444 -109.398496240602,321.287593984962 -62.875939849624)))",,K384
